-- MySQL dump 10.13  Distrib 8.0.31, for Win64 (x86_64)
--
-- Host: 127.0.0.1    Database: community
-- ------------------------------------------------------
-- Server version	8.0.31

/*!40101 SET @OLD_CHARACTER_SET_CLIENT=@@CHARACTER_SET_CLIENT */;
/*!40101 SET @OLD_CHARACTER_SET_RESULTS=@@CHARACTER_SET_RESULTS */;
/*!40101 SET @OLD_COLLATION_CONNECTION=@@COLLATION_CONNECTION */;
/*!50503 SET NAMES utf8mb4 */;
/*!40103 SET @OLD_TIME_ZONE=@@TIME_ZONE */;
/*!40103 SET TIME_ZONE='+00:00' */;
/*!40014 SET @OLD_UNIQUE_CHECKS=@@UNIQUE_CHECKS, UNIQUE_CHECKS=0 */;
/*!40014 SET @OLD_FOREIGN_KEY_CHECKS=@@FOREIGN_KEY_CHECKS, FOREIGN_KEY_CHECKS=0 */;
/*!40101 SET @OLD_SQL_MODE=@@SQL_MODE, SQL_MODE='NO_AUTO_VALUE_ON_ZERO' */;
/*!40111 SET @OLD_SQL_NOTES=@@SQL_NOTES, SQL_NOTES=0 */;

--
-- Table structure for table `activity_signup`
--

DROP TABLE IF EXISTS `activity_signup`;
/*!40101 SET @saved_cs_client     = @@character_set_client */;
/*!50503 SET character_set_client = utf8mb4 */;
CREATE TABLE `activity_signup` (
  `id` bigint NOT NULL AUTO_INCREMENT COMMENT '主键ID',
  `activity_id` bigint NOT NULL COMMENT '活动ID（关联club_activity.id）',
  `student_id` bigint NOT NULL COMMENT '学生ID（关联sys_user.id）',
  `status` tinyint DEFAULT '0' COMMENT '审核状态：0-待审核, 1-已通过, 2-已驳回',
  `signup_time` datetime DEFAULT CURRENT_TIMESTAMP COMMENT '报名时间',
  `checkin_status` tinyint DEFAULT '0' COMMENT '签到状态：0-未签到，1-已签到',
  `checkin_time` datetime DEFAULT NULL COMMENT '签到时间',
  PRIMARY KEY (`id`),
  UNIQUE KEY `uk_activity_student` (`activity_id`,`student_id`) COMMENT '一人一活动只能报名一次',
  KEY `idx_student_id` (`student_id`) COMMENT '学生ID索引',
  KEY `idx_checkin_status` (`checkin_status`) COMMENT '签到状态索引',
  KEY `idx_stu_act` (`student_id`,`activity_id`),
  CONSTRAINT `fk_signup_activity` FOREIGN KEY (`activity_id`) REFERENCES `club_activity` (`id`) ON DELETE CASCADE ON UPDATE CASCADE,
  CONSTRAINT `fk_signup_student` FOREIGN KEY (`student_id`) REFERENCES `sys_user` (`id`) ON DELETE RESTRICT ON UPDATE CASCADE
) ENGINE=InnoDB AUTO_INCREMENT=51 DEFAULT CHARSET=utf8mb4 COLLATE=utf8mb4_0900_ai_ci COMMENT='活动报名记录表';
/*!40101 SET character_set_client = @saved_cs_client */;

--
-- Dumping data for table `activity_signup`
--

LOCK TABLES `activity_signup` WRITE;
/*!40000 ALTER TABLE `activity_signup` DISABLE KEYS */;
INSERT INTO `activity_signup` VALUES (1,1,5,1,'2026-04-09 21:53:02',0,NULL),(2,7,6,1,'2026-04-15 16:18:05',1,NULL),(3,9,6,1,'2026-04-15 16:18:12',1,NULL),(4,6,6,1,'2026-04-15 16:18:21',1,NULL),(5,7,5,1,'2026-04-15 16:48:14',1,NULL),(6,10,10,1,'2026-04-18 09:00:00',0,NULL),(7,10,14,1,'2026-04-18 09:05:00',0,NULL),(8,11,12,1,'2026-04-18 09:10:00',0,NULL),(9,12,14,1,'2026-04-18 09:15:00',0,NULL),(10,13,11,1,'2026-04-18 09:20:00',0,NULL),(11,14,13,1,'2026-04-18 09:25:00',0,NULL),(12,15,6,1,'2026-04-18 09:30:00',0,NULL),(13,16,3,1,'2026-04-18 09:35:00',0,NULL),(14,17,5,1,'2026-04-18 09:40:00',0,NULL),(15,18,8,1,'2026-04-18 09:45:00',0,NULL),(16,19,11,1,'2026-04-18 09:50:00',0,NULL),(17,20,12,1,'2026-04-18 09:55:00',0,NULL),(18,21,14,1,'2026-04-18 10:00:00',0,NULL),(19,22,6,1,'2026-04-18 10:05:00',0,NULL),(20,23,10,1,'2026-04-18 10:10:00',0,NULL),(21,24,9,1,'2026-04-18 10:15:00',0,NULL),(22,25,11,1,'2026-04-18 10:20:00',0,NULL),(23,26,13,1,'2026-04-18 10:25:00',0,NULL),(24,27,3,1,'2026-04-18 10:30:00',0,NULL),(25,28,7,1,'2026-04-18 10:35:00',0,NULL),(26,29,11,1,'2026-04-18 10:40:00',0,NULL),(27,30,13,1,'2026-04-18 10:45:00',0,NULL),(28,31,12,1,'2026-04-18 10:50:00',0,NULL),(29,32,11,1,'2026-04-18 10:55:00',0,NULL),(30,33,5,1,'2026-04-18 11:00:00',0,NULL),(31,34,12,1,'2026-04-18 11:05:00',0,NULL),(32,35,9,1,'2026-04-18 11:10:00',0,NULL),(33,36,10,1,'2026-04-18 11:15:00',0,NULL),(34,37,14,1,'2026-04-18 11:20:00',0,NULL),(35,38,6,1,'2026-04-18 11:25:00',0,NULL),(36,39,13,1,'2026-04-18 11:30:00',0,NULL),(37,40,5,1,'2026-04-18 11:35:00',0,NULL),(38,41,7,1,'2026-04-18 11:40:00',0,NULL),(39,42,8,1,'2026-04-18 11:45:00',0,NULL),(40,43,6,1,'2026-04-18 11:50:00',0,NULL),(41,44,12,1,'2026-04-18 11:55:00',0,NULL),(42,45,3,1,'2026-04-18 12:00:00',0,NULL),(43,46,10,1,'2026-04-18 12:05:00',0,NULL),(44,47,11,1,'2026-04-18 12:10:00',0,NULL),(45,48,13,1,'2026-04-18 12:15:00',0,NULL),(46,49,14,1,'2026-04-18 12:20:00',0,NULL),(47,50,9,1,'2026-04-18 12:25:00',0,NULL),(48,1,3,1,'2026-04-18 12:30:00',0,NULL),(49,2,8,1,'2026-04-18 12:35:00',0,NULL),(50,8,6,1,'2025-11-01 10:00:00',1,'2025-11-03 09:00:00');
/*!40000 ALTER TABLE `activity_signup` ENABLE KEYS */;
UNLOCK TABLES;

--
-- Table structure for table `banner`
--

DROP TABLE IF EXISTS `banner`;
/*!40101 SET @saved_cs_client     = @@character_set_client */;
/*!50503 SET character_set_client = utf8mb4 */;
CREATE TABLE `banner` (
  `id` int NOT NULL AUTO_INCREMENT,
  `img_url` varchar(500) COLLATE utf8mb4_unicode_ci NOT NULL COMMENT '图片地址',
  `type` int DEFAULT '0' COMMENT '轮播图类型：0-首页，1-活动中心',
  PRIMARY KEY (`id`)
) ENGINE=InnoDB AUTO_INCREMENT=9 DEFAULT CHARSET=utf8mb4 COLLATE=utf8mb4_unicode_ci;
/*!40101 SET character_set_client = @saved_cs_client */;

--
-- Dumping data for table `banner`
--

LOCK TABLES `banner` WRITE;
/*!40000 ALTER TABLE `banner` DISABLE KEYS */;
INSERT INTO `banner` VALUES (1,'/uploads/2026/03/26/banner_1.jpg',0),(2,'/uploads/2026/03/26/banner_2.jpg',0),(3,'/uploads/2026/03/26/banner_3.jpg',0),(4,'/uploads/2026/03/26/basketball_3v3.jpg',1),(5,'/uploads/2026/03/26/go_competition.jpg',1),(6,'/uploads/2026/03/26/go_lesson.jpg',1),(8,'/uploads/2026/04/16/227edfc2e99d4aeebe98b39c3b71d6c2.jpg',0);
/*!40000 ALTER TABLE `banner` ENABLE KEYS */;
UNLOCK TABLES;

--
-- Table structure for table `club_activity`
--

DROP TABLE IF EXISTS `club_activity`;
/*!40101 SET @saved_cs_client     = @@character_set_client */;
/*!50503 SET character_set_client = utf8mb4 */;
CREATE TABLE `club_activity` (
  `id` bigint NOT NULL AUTO_INCREMENT COMMENT '主键ID',
  `club_id` bigint NOT NULL COMMENT '所属社团ID（关联club_info.id）',
  `activity_name` varchar(100) NOT NULL COMMENT '活动名称',
  `cover` varchar(500) NOT NULL COMMENT '活动封面',
  `start_time` datetime NOT NULL COMMENT '活动开始时间',
  `end_time` datetime NOT NULL COMMENT '活动结束时间',
  `location` varchar(100) NOT NULL COMMENT '活动地点',
  `content` text COMMENT '活动详情介绍',
  `max_people` int DEFAULT '0' COMMENT '最大参与人数（0为不限）',
  `status` tinyint DEFAULT '0' COMMENT '审批状态：0-待审核，1-已通过，2-已驳回',
  `create_time` datetime DEFAULT CURRENT_TIMESTAMP COMMENT '创建时间',
  `update_time` datetime DEFAULT CURRENT_TIMESTAMP ON UPDATE CURRENT_TIMESTAMP COMMENT '更新时间',
  PRIMARY KEY (`id`),
  KEY `idx_club_id` (`club_id`) COMMENT '社团ID索引',
  KEY `idx_start_time` (`start_time`) COMMENT '活动开始时间索引',
  KEY `idx_status` (`status`) COMMENT '审批状态索引',
  KEY `idx_act_club` (`id`,`club_id`),
  CONSTRAINT `fk_activity_club` FOREIGN KEY (`club_id`) REFERENCES `club_info` (`id`) ON DELETE CASCADE ON UPDATE CASCADE
) ENGINE=InnoDB AUTO_INCREMENT=51 DEFAULT CHARSET=utf8mb4 COLLATE=utf8mb4_0900_ai_ci COMMENT='社团活动表';
/*!40101 SET character_set_client = @saved_cs_client */;

--
-- Dumping data for table `club_activity`
--

LOCK TABLES `club_activity` WRITE;
/*!40000 ALTER TABLE `club_activity` DISABLE KEYS */;
INSERT INTO `club_activity` VALUES (1,3,'新国辩 · 全国大学生新生辩论赛','/uploads/cover/FreshmanDebate.png','2025-11-22 14:00:00','2025-11-22 17:00:00','学十九楼205室、学十九楼207室','本次辩论赛旨在提升大学生逻辑思辨、语言表达与临场反应能力，围绕社会热点、校园议题、价值观念等展开激烈辩论。赛事分为初赛、复赛、决赛三个阶段，邀请专业评委进行点评打分，为热爱辩论的新生提供展示自我、交流思想的优质平台。',NULL,1,'2026-04-07 20:15:05','2026-04-09 21:11:03'),(2,1,'春季运动会','/uploads/cover/SpringSport.png','2026-04-16 00:00:00','2026-04-17 23:59:59','操场','春季运动会是校园年度大型体育盛会，包含短跑、长跑、跳远、跳高、接力赛、拔河、团体操等多个项目。面向全校师生开放报名，倡导“健康第一、团结协作、奋勇拼搏”的体育精神，丰富校园文化生活，增强师生身体素质与集体凝聚力。',NULL,1,'2026-04-07 20:15:05','2026-04-09 21:11:03'),(3,4,'雷锋月外展活动','/uploads/cover/LeiFengMonth.jpg','2026-03-22 00:00:00','2026-03-22 23:59:59','夏日广场','为传承和弘扬雷锋精神，开展志愿服务、文明宣传、爱心帮扶、公益互动等外展活动。现场设置公益展示区、便民服务区、互动体验区，号召同学们学习雷锋事迹、践行雷锋精神，用实际行动传递温暖与正能量，共建文明和谐校园。',NULL,1,'2026-04-07 20:15:05','2026-04-09 21:11:03'),(4,5,'春节主题作品征集','/uploads/cover/WorksCollection.png','2026-02-01 00:00:00','2026-03-01 23:59:59','线上','面向全校征集春节主题原创作品，形式包含手工作品、绘画、书法、摄影、剪纸、文创设计等。作品需紧扣春节文化、年味氛围、团圆祝福等主题，优秀作品将进行线上展示与表彰，传承中华优秀传统文化，展现同学们的创意与才华。',NULL,1,'2026-04-07 20:15:05','2026-04-09 21:11:03'),(5,4,'北京半程马拉松志愿者招募','/uploads/cover/VolunteersWanted.png','2026-03-20 00:00:00','2026-04-12 23:59:59','线上','为北京半程马拉松赛事招募志愿者，主要负责赛事引导、物资发放、补给站服务、秩序维护、选手协助等工作。组委会提供统一服装、志愿服务证明、培训与保障，欢迎有责任心、有爱心、能按时参与的同学报名，助力赛事顺利举办，收获志愿经历与成长。',116,1,'2026-04-07 20:15:05','2026-04-09 21:11:03'),(6,6,'校园十佳歌手大赛','/uploads/cover/TopTenSingers.jpg','2025-10-19 18:00:00','2026-10-19 22:00:00','东操场','校园十佳歌手大赛是最具影响力的校园文艺赛事，为热爱音乐、擅长演唱的同学提供展示舞台。选手通过海选、复赛、决赛层层比拼，演唱风格不限，由专业评委与观众投票共同评选出校园十佳歌手，打造视听盛宴，绽放青春风采。',NULL,1,'2026-04-07 20:15:05','2026-04-09 21:11:03'),(7,6,'星夜荧光跑×“壹仟个现场”草坪音乐会','/uploads/cover/StarryNightRunAndLawnConcert.png','2025-10-03 18:00:00','2025-10-26 21:00:00','西操场','荧光跑结合草坪音乐会，打造沉浸式青春夜晚。参与者佩戴荧光装备环绕校园夜跑，感受运动与光影的魅力；结束后在草坪开展音乐会，现场演唱、乐队表演、互动游戏，营造轻松热烈的氛围，丰富课余生活，留下难忘的校园青春记忆。',NULL,1,'2026-04-07 20:15:05','2026-04-09 21:11:03'),(8,8,'第二十五届足协杯','/uploads/cover/SchoolFACup.png','2025-11-03 00:00:00','2025-11-06 23:59:59','东足球场、西足球场','足协杯是校园足球顶级赛事，汇聚各学院、各足球爱好者队伍同台竞技。赛事采用正规足球赛制，注重公平竞技与团队配合，为足球爱好者提供交流切磋、展示球技的平台，传播足球文化，激发校园运动热情，展现青春活力与体育精神。',NULL,1,'2026-04-07 20:15:05','2026-04-09 21:11:03'),(9,7,'“引航杯”新生篮球赛','/uploads/cover/NoviceBasketballGame.png','2025-09-25 00:00:00','2025-09-29 23:59:59','篮球场','专为新生打造的篮球赛事，以班级或学院为单位组队参赛，包含5V5正式比赛、技巧挑战等环节。旨在帮助新生快速融入校园、结交好友、增强团队意识，展现新生朝气蓬勃、勇于拼搏的精神面貌，推动校园篮球文化发展。',NULL,1,'2026-04-07 20:15:05','2026-04-09 21:11:25'),(10,2,'ACM 校内模拟赛','/uploads/cover/ACM.png','2026-05-01 09:00:00','2026-05-01 14:00:00','机房 302','算法能力大比拼，为省赛选拔优秀选手。',50,1,'2026-04-18 11:00:00','2026-04-18 11:00:00'),(11,28,'新生杯羽毛球赛','/uploads/cover/BadmintonGame.png','2026-05-05 14:00:00','2026-05-06 18:00:00','体育馆','羽毛球单打、双打赛，展示青春活力。',100,1,'2026-04-18 11:00:00','2026-04-18 11:00:00'),(12,24,'48小时黑客马拉松','/uploads/cover/Hackathon.png','2026-05-15 18:00:00','2026-05-17 18:00:00','图书馆报告厅','封闭式软件开发挑战，极客们的狂欢。',60,1,'2026-04-18 11:00:00','2026-04-18 11:00:00'),(13,25,'校园春日摄影展','/uploads/cover/PhotoEx.png','2026-04-20 08:00:00','2026-04-30 22:00:00','文化长廊','征集并展示春季校园美照，定格瞬间。',NULL,1,'2026-04-18 11:00:00','2026-04-18 11:00:00'),(14,26,'草地吉他民谣夜','/uploads/cover/GuitarNight.png','2026-05-20 19:00:00','2026-05-20 21:00:00','南草坪','围坐草坪，弹唱经典民谣，共度浪漫夜晚。',200,1,'2026-04-18 11:00:00','2026-04-18 11:00:00'),(15,35,'校园棋王争霸赛','/uploads/cover/Chess.png','2026-05-12 13:00:00','2026-05-12 17:00:00','学生活动中心','围棋、五子棋、象棋多项博弈对抗。',40,1,'2026-04-18 11:00:00','2026-04-18 11:00:00'),(16,30,'考前心理减压讲座','/uploads/cover/PsychologyTalk.png','2026-06-10 14:00:00','2026-06-10 16:00:00','多功能厅','特邀心理专家讲解如何应对考试焦虑。',150,1,'2026-04-18 11:00:00','2026-04-18 11:00:00'),(17,31,'RoboMaster 战队选拔','/uploads/cover/RobotMatch.png','2026-05-18 09:00:00','2026-05-18 18:00:00','工程实训中心','选拔有志于机器人竞技的软硬件开发人才。',30,1,'2026-04-18 11:00:00','2026-04-18 11:00:00'),(18,32,'英语口语嘉年华','/uploads/cover/EnglishFest.png','2026-05-25 15:00:00','2026-05-25 18:00:00','夏日广场','外教互动，趣味英语闯关游戏。',120,1,'2026-04-18 11:00:00','2026-04-18 11:00:00'),(19,33,'舞动青春快闪','/uploads/cover/DanceShow.png','2026-06-01 12:00:00','2026-06-01 13:00:00','食堂门口','由舞蹈社带来的激情街舞快闪活动。',NULL,1,'2026-04-18 11:00:00','2026-04-18 11:00:00'),(20,34,'轮滑刷街日','/uploads/cover/SkatingDay.png','2026-05-04 16:00:00','2026-05-04 18:00:00','中心校道','全校轮滑爱好者共同穿越校园。',50,1,'2026-04-18 11:00:00','2026-04-18 11:00:00'),(21,36,'星空观测之夜','/uploads/cover/Stars.png','2026-05-22 20:00:00','2026-05-22 23:00:00','教学楼顶','专业天文望远镜带你观测夏季星空。',40,1,'2026-04-18 11:00:00','2026-04-18 11:00:00'),(22,37,'汉服社端午游园','/uploads/cover/HanfuEvent.png','2026-06-18 09:00:00','2026-06-18 17:00:00','文化长廊','投壶、射箭，体验传统民俗魅力。',100,1,'2026-04-18 11:00:00','2026-04-18 11:00:00'),(23,38,'剧本杀逻辑挑战赛','/uploads/cover/BoardGameMatch.png','2026-05-30 14:00:00','2026-05-30 20:00:00','桌游工作室','沉浸式剧本体验，脑力与演技的对决。',24,1,'2026-04-18 11:00:00','2026-04-18 11:00:00'),(24,39,'简历诊断工作坊','/uploads/cover/CareerHelp.png','2026-04-25 14:00:00','2026-04-25 17:00:00','学生活动中心','邀请名企 HR 现场一对一优化个人简历。',50,1,'2026-04-18 11:00:00','2026-04-18 11:00:00'),(25,40,'高达拼装交流展','/uploads/cover/Gundam.png','2026-05-10 10:00:00','2026-05-10 18:00:00','图书馆二楼','硬核模型展示与拼装技巧分享。',NULL,1,'2026-04-18 11:00:00','2026-04-18 11:00:00'),(26,41,'“排球之火”联赛','/uploads/cover/VolleyballMatch.png','2026-05-21 16:00:00','2026-05-28 18:00:00','排球场','热血排球组队赛，争夺校园最高荣誉。',12,1,'2026-04-18 11:00:00','2026-04-18 11:00:00'),(27,42,'武术社防身术教学','/uploads/cover/Kungfu.png','2026-05-08 19:00:00','2026-05-08 21:00:00','校武术馆','实战防身技巧免费公开课，欢迎参与。',80,1,'2026-04-18 11:00:00','2026-04-18 11:00:00'),(28,43,'急救知识实操培训','/uploads/cover/FirstAid.png','2026-05-11 14:00:00','2026-05-11 17:00:00','红十字教室','心肺复苏及包扎技巧考核与教学。',60,1,'2026-04-18 11:00:00','2026-04-18 11:00:00'),(29,44,'滑板障碍挑战赛','/uploads/cover/SkateboardMatch.png','2026-05-16 15:00:00','2026-05-16 18:00:00','极限运动区','挑战高难度动作，滑板少年齐聚。',30,1,'2026-04-18 11:00:00','2026-04-18 11:00:00'),(30,45,'金话筒主持人大赛','/uploads/cover/MicMatch.png','2026-06-05 19:00:00','2026-06-05 22:00:00','礼堂','选拔校园优秀主持人，展现语言艺术。',20,1,'2026-04-18 11:00:00','2026-04-18 11:00:00'),(31,46,'定向越野大冒险','/uploads/cover/OrienteeringFun.png','2026-05-09 09:00:00','2026-05-09 12:00:00','校园全境','利用地图定位寻找隐藏宝藏。',100,1,'2026-04-18 11:00:00','2026-04-18 11:00:00'),(32,47,'话剧《雷雨》校园公演','/uploads/cover/DramaShow.png','2026-06-12 19:30:00','2026-06-12 21:30:00','小剧场','经典话剧重现，感悟戏剧张力。',300,1,'2026-04-18 11:00:00','2026-04-18 11:00:00'),(33,48,'初创团队投融资路演','/uploads/cover/StartupPitch.png','2026-05-24 14:00:00','2026-05-24 17:00:00','创客中心','校园创业团队展示点子，对接投资资源。',10,1,'2026-04-18 11:00:00','2026-04-18 11:00:00'),(34,49,'“国球”交流对抗赛','/uploads/cover/PingpongMatch.png','2026-05-27 16:00:00','2026-05-27 19:00:00','乒乓球馆','单打淘汰赛，争夺乒乓球冠军称号。',64,1,'2026-04-18 11:00:00','2026-04-18 11:00:00'),(35,50,'全国数模选拔讲座','/uploads/cover/MathModelling.png','2026-05-02 19:00:00','2026-05-02 21:00:00','教学楼 101','讲解数模国赛组队及备赛要点。',200,1,'2026-04-18 11:00:00','2026-04-18 11:00:00'),(36,1,'学生会干部换届大会','/uploads/cover/StudentUnionLead.png','2026-06-20 14:00:00','2026-06-20 17:00:00','报告厅','新老学生干部工作交接与竞选。',NULL,1,'2026-04-18 11:00:00','2026-04-18 11:00:00'),(37,2,'蓝桥杯校内热身赛','/uploads/cover/BlueBridge.png','2026-04-28 09:00:00','2026-04-28 13:00:00','机房 401','蓝桥杯专项备考，模拟真实比赛环境。',100,1,'2026-04-18 11:00:00','2026-04-18 11:00:00'),(38,29,'漫研社 COSPLAY 祭','/uploads/cover/Cosplay.png','2026-06-15 10:00:00','2026-06-15 18:00:00','操场旁空地','动漫角色扮演展示与周边市集。',NULL,1,'2026-04-18 11:00:00','2026-04-18 11:00:00'),(39,27,'校园诗歌征文大赛','/uploads/cover/Poetry.png','2026-05-01 00:00:00','2026-05-31 23:59:59','线上','文学社主办，以“青春”为题写一首诗。',NULL,1,'2026-04-18 11:00:00','2026-04-18 11:00:00'),(40,3,'辩论逻辑特训营','/uploads/cover/LogicTrain.png','2026-05-14 18:30:00','2026-05-14 21:00:00','学十九楼','深度拆解辩论逻辑，提升语言攻击性。',40,1,'2026-04-18 11:00:00','2026-04-18 11:00:00'),(41,4,'环保废旧物改造赛','/uploads/cover/GreenDIY.png','2026-06-05 14:00:00','2026-06-05 17:00:00','夏日广场','变废为宝，用垃圾制作创意手工艺品。',50,1,'2026-04-18 11:00:00','2026-04-18 11:00:00'),(42,5,'手工黏土捏捏乐','/uploads/cover/ClayDIY.png','2026-05-11 15:00:00','2026-05-11 18:00:00','美育空间','发挥创意，制作属于自己的黏土手办。',30,1,'2026-04-18 11:00:00','2026-04-18 11:00:00'),(43,6,'草坪合唱团排练','/uploads/cover/Choir.png','2026-05-13 19:00:00','2026-05-13 21:00:00','图书馆后草坪','为即将到来的音乐周准备合唱曲目。',NULL,1,'2026-04-18 11:00:00','2026-04-18 11:00:00'),(44,7,'三人篮球 3V3 斗牛','/uploads/cover/Bball3v3.png','2026-06-08 16:30:00','2026-06-08 20:00:00','室外篮球场','快节奏半场篮球对抗，展现个人技术。',32,1,'2026-04-18 11:00:00','2026-04-18 11:00:00'),(45,8,'足球技巧障碍挑战','/uploads/cover/FootballSkill.png','2026-05-23 15:00:00','2026-05-23 18:00:00','足球场','绕桩、颠球、精准射门积分挑战赛。',40,1,'2026-04-18 11:00:00','2026-04-18 11:00:00'),(46,24,'算法竞赛入门班','/uploads/cover/AlgoStart.png','2026-05-19 19:00:00','2026-05-19 21:00:00','线上会议','零基础小白如何开始学习算法竞赛。',300,1,'2026-04-18 11:00:00','2026-04-18 11:00:00'),(47,25,'人像摄影外拍活动','/uploads/cover/PhotoShoot.png','2026-05-10 14:00:00','2026-05-10 18:00:00','校友林','组织模特与摄影师进行春季人像实拍。',20,1,'2026-04-18 11:00:00','2026-04-18 11:00:00'),(48,26,'指弹吉他高级讲座','/uploads/cover/FingerStyle.png','2026-05-29 19:00:00','2026-05-29 21:00:00','学活大厅','分享指弹技巧与编曲思路。',100,1,'2026-04-18 11:00:00','2026-04-18 11:00:00'),(49,27,'“浮石”文学交流会','/uploads/cover/FushiLiterature.png','2026-06-01 15:00:00','2026-06-01 17:00:00','教学楼 502','社员互相传阅作品并提出修改建议。',20,1,'2026-04-18 11:00:00','2026-04-18 11:00:00'),(50,50,'数学建模论文写作课','/uploads/cover/MathWrite.png','2026-05-04 19:00:00','2026-05-04 21:00:00','线上','如何规范撰写一篇高标准的数模论文。',NULL,1,'2026-04-18 11:00:00','2026-04-18 11:00:00');
/*!40000 ALTER TABLE `club_activity` ENABLE KEYS */;
UNLOCK TABLES;

--
-- Table structure for table `club_info`
--

DROP TABLE IF EXISTS `club_info`;
/*!40101 SET @saved_cs_client     = @@character_set_client */;
/*!50503 SET character_set_client = utf8mb4 */;
CREATE TABLE `club_info` (
  `id` bigint NOT NULL AUTO_INCREMENT COMMENT '主键ID',
  `club_name` varchar(50) NOT NULL COMMENT '社团名称',
  `leader_id` bigint NOT NULL COMMENT '社团负责人ID（关联sys_user.id）',
  `intro` text COMMENT '社团简介',
  `category` enum('功能性组织','学术类社团','公益类社团','逸趣类社团','艺术类组织&社团','体育类社团') NOT NULL DEFAULT '学术类社团' COMMENT '社团类型',
  `status` tinyint DEFAULT '0' COMMENT '审核状态：0-待审核，1-已通过，2-已驳回，3-已注销',
  `create_time` datetime DEFAULT CURRENT_TIMESTAMP COMMENT '创建时间',
  `update_time` datetime DEFAULT CURRENT_TIMESTAMP ON UPDATE CURRENT_TIMESTAMP COMMENT '更新时间',
  `tags` varchar(255) DEFAULT NULL,
  `logo` varchar(255) DEFAULT NULL COMMENT '社团logo',
  PRIMARY KEY (`id`),
  UNIQUE KEY `uk_club_name` (`club_name`) COMMENT '社团名称唯一索引',
  KEY `idx_leader_id` (`leader_id`) COMMENT '负责人ID索引',
  KEY `idx_status` (`status`) COMMENT '审核状态索引',
  CONSTRAINT `fk_club_leader` FOREIGN KEY (`leader_id`) REFERENCES `sys_user` (`id`) ON DELETE RESTRICT ON UPDATE CASCADE
) ENGINE=InnoDB AUTO_INCREMENT=53 DEFAULT CHARSET=utf8mb4 COLLATE=utf8mb4_0900_ai_ci COMMENT='社团信息表';
/*!40101 SET character_set_client = @saved_cs_client */;

--
-- Dumping data for table `club_info`
--

LOCK TABLES `club_info` WRITE;
/*!40000 ALTER TABLE `club_info` DISABLE KEYS */;
INSERT INTO `club_info` VALUES (1,'学生会',2,'学生会是服务全校师生的核心学生组织，负责校园活动统筹、学生权益维护、校风建设等工作。我们秉持责任与奉献精神，搭建师生沟通桥梁，组织各类校园文化活动，助力校园和谐发展，培养综合管理与实践能力。','功能性组织',1,'2026-03-29 17:36:52','2026-04-16 20:06:17','学术,管理,服务','/uploads/club/StudentUnion.png'),(2,'计算机协会',2,'计算机协会专注于计算机技术学习与交流，涵盖编程开发、网络安全、软件应用、人工智能等领域。定期开展技术讲座、编程竞赛、项目实战等活动，为计算机爱好者提供学习、交流、实践平台，提升专业技能。','学术类社团',1,'2026-03-29 17:36:52','2026-04-16 20:06:17','科技,编程,计算机,学术','/uploads/club/ComputerAssociation.png'),(3,'辩论社',2,'辩论社以提升逻辑思维、语言表达与思辨能力为宗旨，围绕热点话题开展辩论训练、模拟赛事、思辨分享等活动。培养社员快速反应、清晰表达、理性思考能力，营造敢于发声、善于思考的社团氛围。','学术类社团',1,'2026-03-29 17:36:52','2026-04-16 20:06:17','学术,语言,发声,思辨','/uploads/club/DebateClub.png'),(4,'爱心公益社',2,'爱心公益社以奉献、友爱、互助为理念，组织志愿服务、公益募捐、社区帮扶、环保宣传等活动。致力于传递温暖与正能量，为有需要的群体提供帮助，培养社员社会责任感与奉献精神。','公益类社团',1,'2026-03-29 17:36:52','2026-04-16 20:06:17','志愿服务,公益,爱心','/uploads/club/LoveAndPublicWelfareClub.png'),(5,'手工DIY社',2,'手工DIY社专注于手工制作与创意创作，涵盖编织、黏土、纸艺、布艺、文创制作等内容。定期开展手工教学、作品展览、创意市集活动，为手工爱好者提供交流展示、放松身心的平台。','逸趣类社团',1,'2026-03-29 17:36:52','2026-04-16 20:06:17','艺术,手工,文艺','/uploads/club/HandmadeDIYClub.png'),(6,'音乐社',2,'音乐社汇聚热爱音乐的同学，涵盖声乐、器乐、合唱、原创音乐等方向。开展声乐教学、乐器交流、文艺演出、校园音乐会等活动，丰富校园文化生活，展现音乐魅力与青春风采。','艺术类组织&社团',1,'2026-03-29 17:36:52','2026-04-16 20:06:18','艺术,音乐,文艺,表演','/uploads/club/MusicClub.png'),(7,'篮球社',2,'篮球社以推广篮球运动、增强体质为目标，开展日常训练、技巧教学、校内联赛、校际交流赛等活动。培养社员团队协作、拼搏进取精神，享受运动乐趣，打造充满活力的体育社团。','体育类社团',1,'2026-03-29 17:36:52','2026-04-16 20:06:18','运动,体育,篮球','/uploads/club/BasketballClub.png'),(8,'足球社',2,'足球社致力于校园足球文化推广，提供专业足球训练、战术交流、赛事组织等服务。通过日常练习与比赛提升社员球技，培养团队精神与竞技意识，展现青春活力与体育精神。','体育类社团',1,'2026-03-29 17:36:52','2026-04-16 20:06:18','运动,体育,足球','/uploads/club/FootballClub.png'),(24,'极客编程社',15,'全校最硬核的编程社团。','学术类社团',1,'2026-04-15 21:53:29','2026-04-18 10:28:55','编程,算法,科技','/uploads/logo/Geek.png'),(25,'光影摄影协会',15,'发现校园之美，定格永恒瞬间。','艺术类组织&社团',1,'2026-04-15 21:53:29','2026-04-18 10:28:55','摄影,艺术,文艺','/uploads/logo/Photo.png'),(26,'民谣吉他社',15,'用琴弦拨动心弦。','艺术类组织&社团',1,'2026-04-15 21:53:29','2026-04-18 10:28:55','音乐,吉他,文艺,艺术','/uploads/logo/FolkMusic.png'),(27,'浮石文学社',15,'妙笔生花，山浮水面水浮山','学术类社团',1,'2026-04-18 10:25:34','2026-04-18 10:45:37','文学,创作,艺术','/uploads/2026/04/18/1ef324da91d74109a418674af62defdd.jpg'),(28,'羽毛球社',2,'提供羽毛球技术交流与比赛平台。','体育类社团',1,'2026-04-18 11:00:00','2026-04-18 11:00:00','运动,体育,羽毛球','/uploads/club/Badminton.png'),(29,'动漫社',15,'二次元文化爱好者的家园。','逸趣类社团',1,'2026-04-18 11:00:00','2026-04-18 11:00:00','艺术,文艺,动漫','/uploads/club/Anime.png'),(30,'心理协会',2,'关注大学生心理健康，传播心理学知识。','学术类社团',1,'2026-04-18 11:00:00','2026-04-18 11:00:00','健康,学术,心理','/uploads/club/Psychology.png'),(31,'机器人校队',15,'征战各类机器人大赛的尖兵组织。','学术类社团',1,'2026-04-18 11:00:00','2026-04-18 11:00:00','科技,编程,硬件','/uploads/club/Robot.png'),(32,'英语角',2,'提升英语口语，拓展国际视野。','学术类社团',1,'2026-04-18 11:00:00','2026-04-18 11:00:00','语言,学术,外交','/uploads/club/English.png'),(33,'舞蹈社',2,'涵盖街舞、民族舞、拉丁舞等多种舞种。','艺术类组织&社团',1,'2026-04-18 11:00:00','2026-04-18 11:00:00','艺术,表演,文艺','/uploads/club/Dance.png'),(34,'轮滑社',15,'追逐风的速度，感受滑行的自由。','体育类社团',1,'2026-04-18 11:00:00','2026-04-18 11:00:00','运动,体育,挑战','/uploads/club/Skating.png'),(35,'围棋社',2,'黑白方寸间，尽显智慧博弈。','逸趣类社团',1,'2026-04-18 11:00:00','2026-04-18 11:00:00','棋类,学术,文化','/uploads/club/Go.png'),(36,'天文协会',15,'仰望星空，探索宇宙的奥秘。','学术类社团',1,'2026-04-18 11:00:00','2026-04-18 11:00:00','科技,地理,星空','/uploads/club/Astronomy.png'),(37,'汉服社',2,'弘扬传统服饰文化，展现华夏之美。','艺术类组织&社团',1,'2026-04-18 11:00:00','2026-04-18 11:00:00','艺术,文化,传统','/uploads/club/Hanfu.png'),(38,'桌游社',2,'逻辑与娱乐的完美结合。','逸趣类社团',1,'2026-04-18 11:00:00','2026-04-18 11:00:00','游戏,社交,逻辑','/uploads/club/BoardGame.png'),(39,'职业发展协会',2,'助力职业规划，提升就业竞争力。','功能性组织',1,'2026-04-18 11:00:00','2026-04-18 11:00:00','管理,职场,服务','/uploads/club/Career.png'),(40,'模型社',15,'比例的世界，极致的匠心。','逸趣类社团',1,'2026-04-18 11:00:00','2026-04-18 11:00:00','艺术,手工,科技','/uploads/club/Model.png'),(41,'排球社',2,'女排精神，在校园传承。','体育类社团',1,'2026-04-18 11:00:00','2026-04-18 11:00:00','运动,体育,团队','/uploads/club/Volleyball.png'),(42,'武术社',2,'强身健体，传承国粹。','体育类社团',1,'2026-04-18 11:00:00','2026-04-18 11:00:00','运动,文化,武术','/uploads/club/Wushu.png'),(43,'红十字会',2,'开展急救培训与献血服务。','公益类社团',1,'2026-04-18 11:00:00','2026-04-18 11:00:00','医疗,公益,志愿服务','/uploads/club/RedCross.png'),(44,'滑板社',15,'街头文化，挑战自我。','体育类社团',1,'2026-04-18 11:00:00','2026-04-18 11:00:00','运动,时尚,潮流','/uploads/club/Skateboard.png'),(45,'播音主持协会',15,'用声音传递力量。','艺术类组织&社团',1,'2026-04-18 11:00:00','2026-04-18 11:00:00','艺术,文艺,语言','/uploads/club/Broadcast.png'),(46,'定向越野社',2,'智慧与体力的双重考验。','体育类社团',1,'2026-04-18 11:00:00','2026-04-18 11:00:00','运动,户外,逻辑','/uploads/club/Orienteering.png'),(47,'话剧社',15,'演绎人生百态。','艺术类组织&社团',1,'2026-04-18 11:00:00','2026-04-18 11:00:00','艺术,表演,文学','/uploads/club/Drama.png'),(48,'创业俱乐部',2,'汇聚创业点子，孵化创新梦想。','功能性组织',1,'2026-04-18 11:00:00','2026-04-18 11:00:00','管理,科技,创业','/uploads/club/Entrepreneur.png'),(49,'乒乓球社',2,'国球交流，强身健体。','体育类社团',1,'2026-04-18 11:00:00','2026-04-18 11:00:00','运动,体育,国球','/uploads/club/PingPong.png'),(50,'数学建模社',2,'用数学语言描述世界。','学术类社团',1,'2026-04-18 11:00:00','2026-04-18 11:00:00','学术,科技,竞赛','/uploads/club/MathModel.png'),(51,'白帽子网络安全实验室',15,'实验室专注于网络攻防技术的深度研究与实践，通过CTF竞赛、渗透模拟与漏洞挖掘，培养顶尖白帽子人才。','学术类社团',1,'2026-04-22 16:59:55','2026-04-22 19:22:35','网络安全,CTF,渗透测试,代码审计,编程','/uploads/logo/security_lab.png'),(52,'ACM队',18,'ACM队专注于编程能力与算法思维培养。定期举办集训、模拟赛、算法分享与竞赛指导，助力成员备战各类程序设计大赛，提升代码能力与逻辑思维。热爱编程、喜欢挑战的同学，欢迎加入我们，一起用算法书写热爱！','学术类社团',0,'2026-04-22 21:34:48','2026-04-22 21:37:01','编程、竞赛、学术、算法','/uploads/2026/04/22/67592ce16a86464fbceb0a12aa074ac1.png');
/*!40000 ALTER TABLE `club_info` ENABLE KEYS */;
UNLOCK TABLES;

--
-- Table structure for table `club_member`
--

DROP TABLE IF EXISTS `club_member`;
/*!40101 SET @saved_cs_client     = @@character_set_client */;
/*!50503 SET character_set_client = utf8mb4 */;
CREATE TABLE `club_member` (
  `id` bigint NOT NULL AUTO_INCREMENT COMMENT '主键ID',
  `club_id` bigint NOT NULL COMMENT '社团ID（关联club_info.id）',
  `student_id` bigint NOT NULL COMMENT '学生ID（关联sys_user.id）',
  `intro` text,
  `member_type` tinyint DEFAULT '0' COMMENT '成员类型：0-普通成员，1-核心成员',
  `join_time` datetime DEFAULT CURRENT_TIMESTAMP COMMENT '加入时间',
  `status` tinyint DEFAULT '1' COMMENT '成员状态：1-正常，0-已退出',
  PRIMARY KEY (`id`),
  UNIQUE KEY `uk_club_student` (`club_id`,`student_id`) COMMENT '一人一社团只能加入一次',
  KEY `idx_student_id` (`student_id`) COMMENT '学生ID索引',
  KEY `idx_status` (`status`) COMMENT '成员状态索引',
  KEY `idx_stu_club` (`student_id`,`club_id`),
  CONSTRAINT `fk_member_club` FOREIGN KEY (`club_id`) REFERENCES `club_info` (`id`) ON DELETE CASCADE ON UPDATE CASCADE,
  CONSTRAINT `fk_member_student` FOREIGN KEY (`student_id`) REFERENCES `sys_user` (`id`) ON DELETE RESTRICT ON UPDATE CASCADE
) ENGINE=InnoDB AUTO_INCREMENT=17 DEFAULT CHARSET=utf8mb4 COLLATE=utf8mb4_0900_ai_ci COMMENT='社团成员表';
/*!40101 SET character_set_client = @saved_cs_client */;

--
-- Dumping data for table `club_member`
--

LOCK TABLES `club_member` WRITE;
/*!40000 ALTER TABLE `club_member` DISABLE KEYS */;
INSERT INTO `club_member` VALUES (2,2,5,'热爱编程',0,'2026-04-22 16:18:08',1),(3,4,7,NULL,0,'2026-04-16 20:06:33',1),(4,4,8,NULL,0,'2026-04-16 20:06:33',1),(5,2,9,NULL,0,'2026-04-16 20:06:33',1),(6,8,3,NULL,0,'2026-04-16 20:06:33',1),(7,8,6,NULL,0,'2026-04-16 20:06:33',1),(8,24,5,NULL,0,'2026-04-18 16:03:02',1),(9,2,10,NULL,0,'2026-04-22 18:51:08',1),(10,51,14,NULL,0,'2026-04-22 18:51:08',1),(11,25,11,NULL,0,'2026-04-22 18:51:08',1),(12,26,13,NULL,0,'2026-04-22 18:51:08',1),(13,24,14,NULL,0,'2026-04-22 19:07:23',1),(16,51,10,NULL,0,'2026-04-22 19:18:39',1);
/*!40000 ALTER TABLE `club_member` ENABLE KEYS */;
UNLOCK TABLES;

--
-- Table structure for table `news`
--

DROP TABLE IF EXISTS `news`;
/*!40101 SET @saved_cs_client     = @@character_set_client */;
/*!50503 SET character_set_client = utf8mb4 */;
CREATE TABLE `news` (
  `id` bigint NOT NULL AUTO_INCREMENT COMMENT '新闻ID',
  `title` varchar(255) NOT NULL COMMENT '新闻标题',
  `content` longtext COMMENT '新闻内容（富文本HTML）',
  `cover_img` varchar(500) DEFAULT NULL COMMENT '详情页封面图路径',
  `img` varchar(500) DEFAULT NULL COMMENT '列表展示图路径',
  `publisher` varchar(50) DEFAULT '管理员' COMMENT '发布人',
  `publish_time` datetime DEFAULT CURRENT_TIMESTAMP COMMENT '发布时间',
  `type` int DEFAULT '0' COMMENT '新闻类型：0-新闻 1-公告',
  `sort` int DEFAULT '0' COMMENT '排序权重',
  `status` int DEFAULT '1' COMMENT '状态：1-显示 0-隐藏',
  PRIMARY KEY (`id`),
  KEY `idx_status` (`status`),
  KEY `idx_publish_time` (`publish_time`)
) ENGINE=InnoDB AUTO_INCREMENT=11 DEFAULT CHARSET=utf8mb4 COLLATE=utf8mb4_0900_ai_ci COMMENT='新闻表';
/*!40101 SET character_set_client = @saved_cs_client */;

--
-- Dumping data for table `news`
--

LOCK TABLES `news` WRITE;
/*!40000 ALTER TABLE `news` DISABLE KEYS */;
INSERT INTO `news` VALUES (1,'学校召开2026年关心下一代工作会议','2026年4月8日，学校召开2026年关心下一代工作会议，总结2025年工作，部署2026年重点任务，进一步推动学校关心下一代工作高质量发展。',NULL,NULL,'党委宣传部','2026-04-08 09:00:00',1,1,1),(2,'我校与江西省人民政府签署战略合作协议','2026年4月7日，中国地质大学（北京）与江西省人民政府签署战略合作协议，双方将围绕地质资源、生态环境、人才培养等领域深化合作，服务国家战略和地方发展。',NULL,NULL,'党委宣传部','2026-04-07 10:30:00',1,2,1),(3,'聚焦“教育科技人才”一体发展 高校宣传思想工作创新微论坛在我校举办','2026年4月4日，聚焦“教育科技人才”一体发展高校宣传思想工作创新微论坛在我校举办，来自多所高校的宣传思想工作者齐聚一堂，交流经验、共话发展。',NULL,NULL,'党委宣传部','2026-04-04 14:00:00',1,3,1),(4,'我校召开本科教育教学审核评估整改工作推进会','2026年4月3日，学校召开本科教育教学审核评估整改工作推进会，通报整改进展，部署下一阶段重点工作，确保整改任务落地见效，持续提升本科教育教学质量。',NULL,NULL,'教务处','2026-04-03 09:30:00',1,4,1),(5,'农工党地大支部举办“走进地大”健康专题讲座','2026年4月3日，农工党地大支部举办“走进地大”健康专题讲座，邀请专家为师生开展健康知识科普，提升师生健康素养和自我保健能力。',NULL,NULL,'校工会','2026-04-03 15:00:00',1,5,1),(6,'校领导带队开展清明节前校园安全检查','2026年4月3日，校领导带队开展清明节前校园安全检查，重点排查校园消防、治安、设施等安全隐患，筑牢校园安全防线，保障师生平安过节。',NULL,NULL,'保卫处','2026-04-03 16:00:00',1,6,1),(7,'中国矿业大学校长张吉雄一行来访我校','2026年4月2日，中国矿业大学校长张吉雄一行来访我校，双方就学科建设、人才培养、科研合作等方面进行深入交流，推动两校协同发展。',NULL,NULL,'党委办公室','2026-04-02 10:00:00',1,7,1),(8,'（人民网）赵志丹：加快推进学科专业结构性改革','人民网刊发我校赵志丹教授文章《加快推进学科专业结构性改革》，围绕新时代高等教育学科专业建设，提出改革思路与实践路径，为高校内涵式发展提供参考。',NULL,NULL,'党委宣传部','2026-04-02 11:00:00',1,8,1),(9,'学校党委树立和践行正确政绩观学习教育读书班圆满结业','2026年4月1日，学校党委树立和践行正确政绩观学习教育读书班圆满结业，通过集中学习、研讨交流等形式，深化党员干部思想认识，推动学校事业高质量发展。',NULL,NULL,'党委宣传部','2026-04-01 17:00:00',1,9,1);
/*!40000 ALTER TABLE `news` ENABLE KEYS */;
UNLOCK TABLES;

--
-- Table structure for table `sys_embedding`
--

DROP TABLE IF EXISTS `sys_embedding`;
/*!40101 SET @saved_cs_client     = @@character_set_client */;
/*!50503 SET character_set_client = utf8mb4 */;
CREATE TABLE `sys_embedding` (
  `id` bigint NOT NULL AUTO_INCREMENT,
  `object_id` bigint NOT NULL COMMENT '对应学生ID或社团ID',
  `object_type` varchar(20) NOT NULL COMMENT '类型：STUDENT 或 CLUB',
  `vector` text NOT NULL COMMENT '50维向量的JSON字符串',
  `update_time` datetime DEFAULT CURRENT_TIMESTAMP ON UPDATE CURRENT_TIMESTAMP,
  PRIMARY KEY (`id`),
  UNIQUE KEY `idx_obj` (`object_id`,`object_type`)
) ENGINE=InnoDB AUTO_INCREMENT=55 DEFAULT CHARSET=utf8mb4 COLLATE=utf8mb4_0900_ai_ci;
/*!40101 SET character_set_client = @saved_cs_client */;

--
-- Dumping data for table `sys_embedding`
--

LOCK TABLES `sys_embedding` WRITE;
/*!40000 ALTER TABLE `sys_embedding` DISABLE KEYS */;
INSERT INTO `sys_embedding` VALUES (1,1,'STUDENT','[-0.20314775648540698,0.3091884404174791,-0.37081263800957986,-0.19577036431721564,0.2586418543900436,-0.3735051984743363,0.30644839730370527,0.14042598216068797,0.33749070397903563,-0.004816398536830003,0.6022683353385216,0.05146139674562944,0.21695265466152985,0.49191574910413305,-0.44203493834827723,-0.5595887089509592,0.03365675446843594,-0.18303481101134106,-0.6245124808970078,-0.055918607570084225,0.16460804026054598,0.6629447552053046,-0.1084239411723571,0.12413417695618663,-0.41079803163077544,-0.10910977789452496,-0.6654015345308918,-0.09331750904269216,0.8539937172794417,0.15834106980955964,0.10650005706165015,-0.014540013240295517,0.0662353989313852,-0.013378350335678678,-0.021707543563660274,0.2622781970251091,-0.5954925968330586,0.24560087301182099,-0.5490115239516895,0.0345247050345505,0.323069009399413,-0.7386213606417694,-0.31577544425324267,-0.27296340270724007,-0.42606988688401526,-0.4511539019623323,-0.21730450741798857,0.5246893003644022,-0.23356140950277415,1.2853143002473981]','2026-04-23 20:16:19'),(2,2,'STUDENT','[0.5121245174668656,0.6422957219072479,-0.19372216548612592,0.02609545130158202,0.13208633453828633,0.9352044057665299,0.557123156035642,-0.7720663582411424,-0.16823573065894096,-0.22060032587238942,-0.19892290424312598,0.3269421769913492,0.04959723902131265,0.6651338197450608,-0.3384686436926972,1.0559634943608815,0.4334574257560509,0.6582693740112573,-0.06512746731049326,-0.7804170206797393,-0.5250397523558377,-1.0078311889788176,-0.3734117936899724,-1.0097941322973398,-0.13447268051140138,0.2675908892012006,-0.42851339593864984,0.3365435684366608,0.2837213370285832,-0.190491466352563,0.06181936617818077,0.04122599478464359,0.34386894126981243,0.48515555740631144,0.4483937909431303,-0.09602158824492933,-0.16670811896213233,0.14884199545293864,0.5852091330012109,0.10589966440637381,0.40789460505113095,0.27859795400893944,-0.015613942525350286,0.4095704004450794,-0.48212843524416354,-0.14713694840010294,-0.987715951873042,0.48204416081296525,0.633030780455762,0.016352919709379108]','2026-04-23 20:16:19'),(3,3,'STUDENT','[-0.4146336641476525,-0.20786760033014148,0.1782373586182764,0.37798327732575193,0.578839833801647,-0.95278051547205,-0.285944968104402,0.005578404043921253,-0.1378508745311721,0.5387078050324255,-0.11841118984595964,-0.07624318568984799,0.1816326695895405,-0.26982511898809974,0.0068289182665304945,0.18148381624414484,0.494171435078836,-0.05037937764394294,-0.9634001730734609,-0.21810675908522956,0.1140129602260395,0.21039189019452445,0.026278239344541775,-0.012756850649993198,0.3742648265468206,-0.10921111931194881,0.3221074950126052,0.17793515341609487,0.5115544916838777,-0.3676470820724267,-0.5652311551506757,0.29729168058222555,0.050168153661200025,-1.5,-0.28453747323625717,0.4917527091362936,0.003046386963093539,0.02888954385369266,-0.11527212989839464,-0.07113501238118027,0.11834495396459012,-0.48250361250817647,0.4924557611065996,-0.43360737063093885,-0.15926133448291707,0.41551151100610206,0.1637679931132962,-0.30476275815157455,0.3312952406036359,-1.241134185078378]','2026-04-23 20:17:11'),(4,4,'STUDENT','[0.5428932837665811,-0.4545399635430355,-0.4344322289286013,-0.25494261808357666,-0.745300983828599,0.006197388386609638,-0.4321222302885406,0.6381574413334196,-0.39440836947734176,-0.33165047103146894,0.7924806047705677,0.5025364725330749,0.7444898613697565,-0.20632163478355797,-0.47892920193905764,0.3707627297845536,0.7944159153656031,-0.07418108151096327,-0.9193012096559676,-1.3386448829968847,-0.7336480404492906,0.24980757518556015,-0.10137384003857154,-0.11316441672460868,0.03446035042941048,-0.9946650423960802,-0.28641155935204093,0.8683252277971668,-0.6899085251366951,0.10132795148786297,0.1884527437589216,0.11979131154236435,0.3612058297981395,0.44278850735347364,-0.5768933013502723,0.04023058332142198,-0.25225166056663706,-0.13469427772891251,1.1396653769086762,0.6760462846301125,-1.102566709400374,-0.13452529324003698,0.6590923663777546,-0.6893641737881906,0.17996288119338316,0.6703596006487634,0.782885838358432,-0.36265762571102017,-0.48037617760800727,0.2645077747959387]','2026-04-23 20:16:19'),(5,5,'STUDENT','[1.5,0.36675394174958953,-0.1776529452084804,-0.04362388303318013,0.9811055818371348,0.10006965402088051,0.8931666107129731,-0.007643747023498244,-0.6923189979315896,0.16588230343359003,0.39359968346272206,-0.23250741112631013,0.6542216806083269,-0.7483237910559164,0.3325939862859242,0.83622552338686,-0.13700652813325623,-0.18642588156161932,0.4325779070484377,-0.18527821115110907,-0.4908759135118876,-0.11047233974025196,-0.2488641437613941,-0.05947665575585296,0.23090407682738046,0.4366864806999342,-0.5430960858378544,-0.670408622115451,0.05611798444324199,-0.36287286430412624,0.20988991875436755,0.24367585474112455,0.37236382276534435,0.5027432869117034,0.4298208819199118,-0.16455153889870183,0.29941099832505164,0.2058626495743993,-0.3654323159774218,-0.147718171683671,-1.1644734486528858,-0.1786312132379482,-0.16376706974674188,-0.7273280899971043,0.011083840851948393,0.22246159541778354,0.19539487067559116,0.20402162106476537,0.2756321644353949,-0.8293523836351205]','2026-04-23 20:17:11'),(6,6,'STUDENT','[-0.26233020778338684,0.16891727322831984,-0.22880922215117955,1.1844789498733097,0.8874782955025102,-0.46737266364253527,-0.5838760665965014,-0.4735522532158734,-0.765538088814312,0.06411148737933903,0.47355278623668035,-0.137959210550258,0.15945914421137716,-0.5292420621767785,0.27849248642225166,0.5170492546963991,0.02443574295013189,0.27675431542478607,-0.1821787880314629,0.5180879661833613,0.12873003915167402,1.0224124609421146,0.2977419690676437,0.2100462234059083,0.24343130301734087,0.36356764714984985,-0.1438227152748951,0.20421457672814936,-0.589650549333223,-0.1831044298874668,-0.06903911107788643,-0.17349723694706318,0.46108888043735397,-0.09529569108633615,0.4250863549139127,0.14475224410587012,-1.4049825828221574,0.724304133210087,0.2934920492822421,0.2867085370554406,0.377341948963169,0.21270101608320988,0.03769782182868342,0.498862809019505,0.11677835074981531,-0.17026632749069032,-0.28736570376944043,0.12820901621581107,0.4791231834707824,-0.8951662640161046]','2026-04-23 20:17:11'),(7,7,'STUDENT','[0.08346998555769376,0.02596234821053823,-0.10697675315079172,1.0819588598018568,1.1234365223221894,-0.06548394149116649,0.23339966024061534,0.30577404501431893,-0.42914092616524085,-0.07906899692356478,0.3302224749274139,0.40813428037018323,-0.5748268204086792,-0.6070960018629371,-0.5187404839071602,-0.40562861710624615,-0.3315540255458696,-0.6692464830677944,-0.48790366897313964,-0.13014275417859217,0.38122643441791854,-0.2955289097180763,0.4891098095323376,0.052255853433630255,-0.8329238951197397,0.5795856634891877,-0.7525373388614017,-0.3024818620479353,-1.255115626263654,0.38443765486014403,-0.12623571657008173,-0.05654573260635644,0.07387554969958098,-0.002535305054343497,0.09387668605055527,-0.041015619854905816,-0.6923334027706053,0.24998161629512827,0.16804153914632047,1.2044450645948592,0.517558547098929,0.6289541748215975,0.23442372670690378,0.4137854620022765,-0.6989334034684032,-0.07453386194346376,0.028958071513980006,0.11998905518530195,-0.3905518280977185,-0.4482261882235969]','2026-04-23 20:17:11'),(8,8,'STUDENT','[-0.0639699584837633,0.87023702044855,-1.5,0.7927601647388625,0.8071191161328319,-0.06736795572600855,0.7734831050896471,0.17820161933197418,0.036017391181839505,-0.7122965122735893,-0.4076425807495704,-0.48588216818141683,0.040714976774057554,-0.2711068064413835,0.07638165557734011,-0.0066155086387473016,0.23928363182955173,-0.08409282523186737,-0.09452064868916078,0.9655184210153658,0.17232264861531554,-0.4869101689053258,0.7906216643763194,0.3696884389213734,-0.043213613613474866,0.11473445847635329,0.6745701304282038,0.6248102620755027,-0.11671526331599051,-0.36199387233524216,0.1402374339736259,0.1608625886992257,0.1348662397230361,0.6479878483007242,-0.38385327346871123,-0.5723535229551032,-1.1359753648910986,0.26775613951152477,0.1338842069460462,0.7772485755174001,0.09805301333472251,-0.09417839669308017,0.24973141299628526,0.16310890021085162,0.5445607668689443,-0.04294637799302164,0.3817323029617548,0.9401594442826239,-0.2814515630195233,0.19065849753216257]','2026-04-23 20:17:11'),(9,9,'STUDENT','[1.2125240082101711,-0.2285581360558971,0.05469354974737688,0.7572088740861714,0.21294935381985317,0.5988205073173447,0.11435814529959759,-0.32177051816768815,-0.3115011818261524,-0.14175345190602304,0.30155974902788785,-0.050669779624140654,-0.34107397302046677,0.3826690776670282,-0.03180022019106069,-0.6756969060064958,-2.3465346220015419E-4,0.07801429150128421,-0.264098166478616,0.5529412708847277,0.12464344384822429,0.2440433604797765,0.11570562805271495,0.4743870007161491,0.1811732075773136,0.3213792998936342,0.41811966952328955,0.48038864272257914,-0.12200305879508065,-0.22173641840206065,0.6067903138835741,0.09837746032840014,0.8486250732215137,-0.9632836400581811,-0.2880278365803882,-0.19004840800689027,-0.3454119420695726,-0.5025510983871132,-0.3636771812844409,0.12458159852223097,0.3283719038870423,-0.7922565031793581,-0.0762997053916084,0.7478983712338393,-1.4999554411561906,-0.19659550384167657,-0.36461968642194853,-0.7712133061399999,-0.07839653242543314,0.3672340709093809]','2026-04-23 20:17:11'),(10,10,'STUDENT','[1.4999542549998541,-0.7157473946465992,-0.2754652571425729,0.155936247772182,-1.0767243955849355,-0.05135432616621729,0.053205976237868276,-0.18000320582924004,-0.521582012589751,-0.16212467546004444,-0.3440457855061183,0.3731046987794578,-0.22547499371510824,-0.17639232072258537,-0.6506977813790985,-0.5188966765224676,-0.1251630563314939,-0.1402260780549754,-0.14102723216859017,-0.3851380520984278,-0.40712798492009794,0.44735025451994764,0.9827334030815948,0.6261444153480541,0.011170295490847009,-0.32119247738325213,0.5926317197866768,0.899014210932735,0.13682984287115527,0.23535561894827706,-0.3733486510073977,-0.038417385177094594,-0.3012732788360867,0.28161532951868035,-0.16371861068376803,-0.389955422478708,-0.11833714598703537,-0.15044038639735668,0.11124336831581809,-0.06088398584169036,-0.020579394555718316,-0.01487508827096428,0.10436082785289684,0.1038964702233676,0.07925794957537104,-0.16697230113523528,-0.4620939772729658,-0.35992483390690166,-0.25352728536012137,-0.1961942217101183]','2026-04-23 20:17:11'),(11,11,'STUDENT','[-0.6289416881306727,-0.4559382608227007,1.3610685751472995,0.3549271984444416,0.11018780944659318,0.2632535525649491,-0.4940524672073074,0.10854714901013247,-0.40674548102625785,-0.8522688831966767,-0.3403446124175333,0.5495813495209935,0.12031867129755733,0.0532835681879343,-0.0810209096914311,0.0720186384633804,0.17367899803870682,-0.748076531932403,-0.36230905587829454,-0.2724957521527791,0.598114943140535,-0.158507873101082,-0.5560982562804084,0.2981571396016201,-0.260904359733651,-0.17184246002391687,0.09838181362388224,0.581256768744385,0.1793741765044393,0.18188199530343607,-0.5233625635839491,-0.014907974797856638,0.21945165767654784,-0.05803451521652737,0.14959082532470777,-0.1838162506118033,-0.5520183668048789,0.4884141877935853,-0.45366692758318644,0.058754613576374105,-0.4387451338045176,1.3881204837640144,-0.11513173981065102,0.21687218251582643,0.4477203209761479,-0.2736175202629943,-0.5351751667168936,-0.18277510873708766,-0.0997143471105416,0.2250321687314697]','2026-04-23 20:17:11'),(12,12,'STUDENT','[-0.1325008816238215,1.5,-0.2461329832244533,0.23359007870299264,0.534843497634076,0.06012238152862093,-0.2194641593085402,-0.2197728647999325,0.5472030340877032,0.20307622042790832,0.13685002402727536,-0.6365268603068384,0.19460927518243992,-0.025517940787349442,-0.4570712201662702,-0.14660503715134096,0.3619002882354965,-0.513045374108581,-0.13557907617237056,-0.48859525150368344,0.6351940989479804,-0.24656645066111954,-0.32525503457911936,-0.7943124001618708,0.06363322327578284,0.2566821842294487,0.1899985943404229,0.27252220921807835,0.22809109125888552,-0.0857296074852646,-0.22514806465699605,-0.2958358240526913,-0.5115636500972648,0.31629418286041444,-0.012015926482174678,0.23425704990647317,-0.600614567192578,-0.1646822734569291,-0.5965681796182505,-0.15897808698330873,0.2149285228127966,0.17348174816713896,0.12838335156030747,-0.5398353323260429,-0.23462048448804243,0.7805990496808896,0.38722712320091257,0.1476201048448974,0.3775228475473474,0.030999299986486005]','2026-04-23 20:17:11'),(13,13,'STUDENT','[-0.2914953306580447,-0.6532465620394307,0.4787598113972837,-0.3930056600098152,-0.28385417933621404,0.20142797901272488,-0.2580212866591596,-0.21813833831326002,0.93168641303361,0.469704064348349,0.24782062776482797,0.14348415097797346,-0.4139259686013403,0.3883614725079517,-1.382876519110279,0.38831604541240644,-0.361409615803602,-0.112274391186511,0.5482383494228448,0.3282383057008568,0.3660067110872,0.2272685059077599,-0.47420407948995086,0.302032646010399,0.5088597622070807,-0.23697960191022843,0.38354965754791465,-0.6828460401452253,0.24474082178934958,-0.8876386434652799,0.29077526602973874,0.05417453510244211,0.37853902511326126,0.2531614949984539,-0.8210034475763202,-0.14718266409664937,-0.558870523979607,0.47742883627432703,-0.14552429837505282,0.21319148648260147,-0.07572743021217967,-0.06017103860913214,1.1811542729165736,0.9106140773544227,0.17526863525862738,0.23430252915325955,-0.016340473251734676,0.04310995215981763,-0.350013638019823,-0.035290935562161944]','2026-04-23 20:17:11'),(14,14,'STUDENT','[1.4256296588206698,0.25516525516131544,-0.4931661375653124,0.08082480205707919,0.021196306836497765,0.35270640869651426,0.6280041842778747,0.3154092252211294,-0.11347950677157045,-0.348745721652657,0.405669665065904,-0.02143740510285289,-0.3607561888832011,-0.15652204937368497,-0.06495675639983024,-0.5621634548302215,0.24776060822698107,0.849744567182244,-0.5375188124923854,0.009821930834215743,0.11318789833794869,0.24985735180733887,-0.7472802582451005,0.31824219879621723,-0.5865961159135599,0.161693039122914,0.41568353164121735,-0.26331463530432875,-0.1578602765056024,0.72813622527742,1.0652075448544578,-0.6310138266774852,-0.15434773956119147,0.47230976096801897,-0.22662298463648417,0.17248538896041019,-0.038988684011475774,-0.7461823141366494,0.5229939925512812,-0.18274754681673064,0.2243985295801543,0.2104065698625314,0.1564738881085867,0.07885625884969681,-0.33991559980560176,0.22315641439311068,-0.42066352953890196,-0.1488342778475364,-1.1320664874398616,0.3119603672958449]','2026-04-23 20:17:11'),(15,15,'STUDENT','[-0.1689451945972603,-0.12234277078636342,0.023241894650025602,-0.8453387525726654,-0.11173089865470767,0.48271858239332244,0.6740988746956101,-0.16773594988878396,0.028773632015375965,-0.02469120247633079,0.17969618179025418,-0.21756543454083446,-0.06646754483329989,0.5551202599101299,-0.4574221649140878,-0.6306893372346001,-0.06623039038599793,0.308406182197556,-0.43928033647021875,-0.46058666565428696,0.33490385843040116,0.24442519157471113,1.2164735726529678,-0.029277398938803604,0.30376938500661577,0.889338471406923,0.32280612382041135,-0.6042768691986861,0.10527851377792281,-0.35475242658989065,-0.23047704287482165,0.6848413435519196,-0.027989681644765084,-0.4123591260264815,0.33372809322196684,0.05543675519230925,-0.8021394017109076,0.1431373536300049,-0.8615529696915547,-0.2950747570085163,-0.7989648603314451,0.13091334559291745,-0.42077014994335515,-0.22671333706784666,-0.5918377631376653,0.4146023906742919,-1.2512579120256753,-0.07451196595640765,-0.17537879819699975,0.14178130382308632]','2026-04-23 20:16:19'),(16,16,'STUDENT','[-0.1987088839856418,0.12846053646002267,0.9599352751834597,0.321480495858578,0.26996546476168826,0.8127037644670038,0.18393566091381786,0.6949975797646277,0.18857577618638585,-1.227294442559763,-0.4175532481664208,-0.009984272434166478,-0.2465681578873469,0.15358253234314007,0.3988775783110583,-0.4365745531096255,-0.10540721945820325,0.29377104385113484,0.4822698924668046,0.19910946592186365,-0.09862380706042403,0.625037601095062,0.3788997000754293,-0.5006882785333596,0.06265431001404231,0.33907483292857454,-0.35367356487305845,0.07684146825004896,-0.26206708167184645,-0.6372447362207526,0.30258792379930227,0.4843522361069698,0.23083203887627704,-0.34728563444143323,0.1306913049888084,0.4895968239342831,0.37355669380708567,0.03719989340787144,-0.5477855086548631,0.48089160123853825,-0.3491389016819893,-0.4609525017889796,1.167496196186628,0.6821565390503301,0.7401729019252818,0.08625530862454531,-0.5417054610377049,-0.9672225192151706,0.10362238244641743,0.393765067025827]','2026-04-23 20:16:19'),(17,18,'STUDENT','[0.26111716176387045,-0.5735327871020557,0.5789399417191573,0.759510727083112,0.3686151970218062,-0.2892192081108156,-0.11195747329134492,-0.4874630513225187,0.6057881801852247,-0.07235101282128006,-0.02612017536888362,0.4253812678766979,-0.028265925936719668,0.5244804097037519,-0.8401148554642922,0.12428580556190062,0.06173178463932716,0.626942909691495,0.115174141536688,0.8509665794931269,0.0030805976052672565,0.1757543252758174,0.37638960301172014,-0.04418559901089085,-0.14665968800598025,0.7272760118068422,-0.43152483140740283,0.055516538530574644,-0.17281035614171103,0.08141050721816669,0.128770112763827,-0.1604559411235826,0.5331392395780615,-0.1938340750781238,-0.8229041406848637,-0.10397863997805372,-0.17289199227631286,-0.9280015648171229,-1.1001000828853227,0.434338230664773,-0.14111699025229976,-0.35673741962566763,-0.9150101228908508,0.024776026294328502,-0.12477723664392604,0.07186028456068118,0.0832484371662177,-0.03775783141879337,0.24372283894132624,-0.10378390993424026]','2026-04-23 20:16:19'),(18,1,'CLUB','[0.4973010205083561,0.5555517952793496,1.120072876044549,0.4648690824771088,1.1543375898818156,0.6010995051858449,0.19999046940994256,-0.2449009146032824,0.520390826511148,-0.07273352155997573,-0.2105293604819335,0.3238682282247512,0.09998718198946886,-0.25595119706791825,-0.08461860072847266,0.6338047361030837,-0.09198608338544716,-0.5200616367077452,0.4844044510540067,-0.44650383905343793,0.39890912370795145,0.22389110741246654,0.034422388311094884,-0.537828461836488,0.7668750708167861,0.04960644001885849,0.4824597177427776,0.11903637599742779,0.24118842435325558,0.4473096001772971,0.08101089414201974,0.3336837052156267,-0.2038481300275136,-0.2609047323003343,0.5402094998465131,-0.23768476132177208,-0.6323438414009006,-0.2562895160332514,-0.23748408237700383,-0.36394440997254907,0.06247616801001701,-0.0599714942392698,0.20113898620470674,0.896553716429105,-0.659722757603684,-0.5595174059265781,0.3266777636281136,0.5407728320080927,-0.5429866785159735,0.600676727501616]','2026-04-23 20:17:11'),(19,2,'CLUB','[1.4998724452557692,0.44433601339253964,-0.2637165875449274,0.5273300019681648,0.15858297543292665,-0.001095351197778104,0.4868613875277334,-0.07273921675908533,0.2527115410445857,0.18018069003393986,-0.10145174144495385,0.2757413214885413,0.3868787139846145,-0.09086367939802,-0.3104573522872021,0.2678425338345336,0.33704247058497394,0.06876051314280895,0.43085476578304155,-0.3721994917674243,-0.06920796968464758,-0.19435085061877785,0.1237010375360799,0.21285782893292632,0.3996899089524483,0.048350010235129894,0.24651537800632992,0.393079627305239,-0.08353965015563393,0.22818170578676064,0.05510714012052537,0.5036387739254037,0.5697463591288058,-0.5486411410905812,-0.11260777778545376,-0.6671546703413166,0.9509987379170096,0.1820474483087661,0.3990153290592735,0.2640614119744619,0.17056568854419846,-0.2794170364148565,0.12617495540647308,0.18716986314148099,-0.14820225158019554,-0.14755164514591812,0.2041042368409219,-0.22043135469355363,-0.45171603311301023,0.2987404465866082]','2026-04-23 20:17:11'),(20,3,'CLUB','[0.8105082990490962,0.5209337729106336,0.19078994622036077,0.5080859882032192,0.08358851678762423,-0.2643568284844628,0.33185168630591466,0.49983988118165285,0.6148766312787347,0.3708149603222463,0.11687375739341636,-0.3666131214415965,0.10513092629288505,0.45986903257624684,0.06347264709454836,0.1357161095348408,0.03065582872967866,0.4196187442293301,0.509695588174325,0.5749169545594697,0.3900603151782669,-0.8873177505465398,-0.3770596785401294,0.15654090528780834,-0.22952573469368162,0.30786213925296835,0.04566416364848595,0.04428939955625732,0.7905058015279468,0.13013239469941595,0.3149856180720486,0.5819349550218382,0.22619794431055665,0.750091607713877,-0.5149735750769129,-0.2999365059998238,-0.01089845350749519,-0.32072542447025243,-0.14533639709317267,0.22913642959877803,0.5362204944016911,-0.3439023922444683,-0.5297337950517897,-0.11857000441730778,-0.272015203899427,0.3459220784659593,0.3228431700722439,-0.7502310133932829,0.20243528537259833,-0.9593721052411602]','2026-04-23 20:17:11'),(21,4,'CLUB','[-0.7154665213756666,-0.3611333164116972,0.7601530239036584,-0.666884688451927,0.6614747487213152,-0.008147403788594552,0.03559268700906824,0.9130888884112222,-0.1453424915770146,0.43938583082954913,-0.5644679664177705,0.12208799200669279,0.9460202520258442,0.14897695627676502,1.3789312562069318,-0.7173759321149522,0.960118647909104,-0.46068745209706774,0.18790611203605978,0.03443802074110761,0.3754430125737159,0.7896427438981783,-0.7380469942667994,-0.2111907039784948,-0.5506495505940501,-0.2984609865068951,-0.375781710632785,0.0895664977774511,-0.168977115380361,0.18172498756117506,-0.024416470928620235,0.12714173561168474,0.36302508924003624,0.10235769561395272,2.620514876504732E-4,-0.059591073064325095,-0.487435377899421,0.36562688648135505,-0.45955730772952585,-0.9615439003762462,0.6233045365209872,0.5044951823877728,-0.8378458322199485,0.1688507643689492,-0.5258399162734,-0.4254285234088772,-0.5925939309888991,0.7624812284262759,-0.20782527836216547,-0.25829042840131666]','2026-04-23 20:17:11'),(22,5,'CLUB','[-0.913092193586666,-0.28695966198148765,1.211807895784183,-1.0733119961005144,-0.30678754696219823,0.20091273724571446,0.11337141908097856,-0.1302586770669476,-0.46470873599333495,-0.04115201369829404,-0.69333313276637,0.1855933896020945,0.660449966485594,0.2572867866672186,0.22869261200277957,-0.3884836427297453,-0.07937494393443228,-0.5969615111681397,-0.3867148487988295,0.2817477052111376,-0.8745008641675853,-0.26737424724302344,0.647198115916772,1.2856434441249933,0.018743612878736333,-0.6694729569123713,-0.3760759248218544,0.296351777358799,-0.545032548852288,0.15928201833576422,0.04554383660757735,0.47677710928065214,0.09275340997569088,-0.4172704385897117,1.0636379636345075,-0.0391821108415353,0.4087026761460672,-0.414024372955765,-0.37033942357600597,0.13719720264843255,0.08060633197335174,-0.006868054774254139,0.12942053779727508,-0.35412596271562874,0.44883774237826735,-0.11641984681730183,0.43200773595045167,0.32739842059500157,-0.5165182164230285,0.03817249441639985]','2026-04-23 20:17:11'),(23,6,'CLUB','[0.42579550618294265,0.4954295116712333,1.2032293354982826,0.4004897483675862,0.4293493565704692,0.8691916083359967,0.22934244253743646,0.6369790241038336,1.1097995540129246,0.2890222395583847,-0.07761159389937186,0.23142277635315292,0.3459397099889045,0.3332951228190669,-0.5442523556384221,1.069561175245627,0.05641664551516534,0.41880011869044464,0.09654864861977173,0.253672841814955,-0.054470318068193496,0.841670445297086,-0.20954264715915685,0.4126394577819532,-0.4086128093060792,-0.6448969367744821,-0.2552790897493008,-0.6122171486676617,-0.16347896874312975,0.284631687129219,0.6422970443567603,0.4347716395810365,0.10885944659243668,-0.16565615746113302,0.04126281831544551,-0.41052619056722844,0.9242174804123371,-1.0610379544318305,-0.3286007274221749,-0.09812232034138664,0.22471913844929264,-0.518983537851995,0.5774255851340153,0.49003525405694215,-0.7637614966707992,0.4745415200800154,0.0778603572512614,0.07732128404669794,0.3572930992707061,-0.8542885049561971]','2026-04-23 20:17:11'),(24,7,'CLUB','[0.7571558936940048,1.2872991571341783,-0.3883421521250587,0.19607833823746917,-0.3453444584923644,0.42288239435029024,0.845852798232738,0.8492453179776074,0.13550113473636094,-0.5061692710653501,0.5624181957774061,0.1879563004293571,-0.10744238647043423,0.30873374859972097,0.32870715138353246,-0.13924389262730508,-0.20493526404724133,0.16586875617898467,0.4104369090854046,0.014565456845600289,0.19144570147349588,0.5314617699397901,0.26793561572915886,-0.18059980139931184,-0.871438662107675,-0.060905641581964085,0.4688857066922536,-0.26054343444934386,-0.91960587406641,0.14944204631925803,0.5879558118806213,-0.7012959131442329,-0.876689348718008,-0.24109075622973322,0.35034767714075227,0.7038383790429271,1.2375348939519257,-0.6191961248812756,0.07908855488469353,-0.4830717228812555,-0.7225575347143394,0.1614679133042431,0.21334393339239582,-0.7028718076299199,-0.07917841452120777,-0.024268663447880125,-0.08554228334392931,-0.32146404754041963,-0.36851252347316726,0.5806629334770675]','2026-04-23 20:17:11'),(25,8,'CLUB','[-0.7415860703870792,0.4539958459252388,-0.2387861842863495,-0.09813459154351331,-0.6428445060955515,0.8503963705996941,-0.8313369728770681,0.21801990925384593,0.04138993679687567,0.47043474686590103,0.2686069209696803,-0.4338653329071536,-0.0021311517347433378,0.017059573403420174,-0.16142340385109358,0.9296676979675589,-0.048076319325856605,0.24430731304170875,-0.4196946226701305,-0.21750258060767663,-0.1280541858152481,1.2643064380237716,0.050140207974642935,0.022496730784165822,-0.1505100801379747,0.024567663666181863,-0.6499513548502284,0.1260307955469901,0.17386491201352539,-0.03425267600149717,0.06107272789728786,0.21028497907104032,-0.40195414554319525,0.7249986452270508,-0.2955970076274542,0.39583221892635256,1.023049214965688,-0.2846933759002011,0.1456789608468475,-0.5741909923131924,0.021081820690625096,-0.3306639585178383,-0.4431882270153497,-0.3492162890871477,0.1442487209640278,0.4111093367523495,0.35261814821185905,-0.21444115950210074,-0.5750949302735563,-1.1978658189806268]','2026-04-23 20:17:11'),(26,24,'CLUB','[1.4972187838341215,-0.683909056493589,-0.20937014897570796,0.13207559410933456,0.4430209534816718,-0.42615715090976364,0.399472830649565,-0.15801906438283692,0.7227923090706224,-0.3227424409724301,0.7500814024581454,-0.08867007824165675,0.24347727362243052,-0.5491857745149374,-0.5739833380458098,0.1363640296399203,-0.6576224647915403,-0.18273814255334492,0.24460331196399807,-0.575066146470511,0.12564131415489288,1.061279936445508,-0.2783789529962088,0.19665597640654817,-0.06935979225718324,0.09257062818032966,0.3464034024187212,-0.20803830746358454,-0.917562717499034,0.8142383201214171,0.12577386390786716,0.17965074417875673,-0.38320978120098603,-0.17301369697762473,-0.43997426318557237,-0.24121239510890952,0.2521495933655096,0.49231740576533695,-0.17308708073705487,0.25915881012848113,-0.2844925320958721,-0.1124425068767611,0.16939943629882556,0.03930542731498154,-0.6645198128379618,-0.28431659766554646,-0.07046078733107257,0.2662690225817545,-0.17555746640303857,-0.1875603314208585]','2026-04-23 20:17:11'),(27,25,'CLUB','[-0.13171160830972664,0.5035336376659993,1.2953826865580869,0.12243047486791958,-0.04500458931866865,-0.034810009643991495,-0.10989310223337263,-0.5546503771157868,-0.32721594945092025,0.7925546481655118,0.2540454224588911,0.06981390654813424,0.5008266356527667,-0.15354159567856715,-0.705826625372565,-0.5243626804843576,-0.19173133443507373,-0.3600866343132622,-0.5402396536186301,0.11945545511568828,-0.26622706960662385,0.28061349292311916,-1.0574427347819964,0.04396454662415441,-0.033763427202958496,-0.11770400467564067,0.27965802174785115,-0.3388004846151153,-0.38996321154101526,0.1826896200865906,-0.4930883975122392,-0.12406962359408691,-0.03766802630127539,-0.7019611077276411,0.44793345944025187,0.6149365387967256,-0.41889661204807943,0.1409829501398025,-0.4034817315564805,0.5915840757384578,-0.3103427885988365,0.09419998606084568,-0.06090912462359368,-0.10448079583607675,0.4643961636677391,-0.04304120142610178,0.32617997382899655,0.659481540392658,-0.29784598243845306,0.08443792665722502]','2026-04-23 20:17:11'),(28,26,'CLUB','[-0.04996321363996233,-0.2995508857301155,0.20027780164939554,0.3682542178868706,0.5799639348046625,0.7571907074894598,0.15589076264570564,0.37594266478296584,0.008999570582076795,-0.40661639034867375,0.3127773365147426,-0.23203120848799236,-0.08441027832383087,0.2851264052755008,-0.96834660871421,0.2906814318966173,-0.7850277508614735,0.531599426194047,-0.0463635752326487,-0.3826598924224496,-0.026590198984147186,0.21353399868242331,-0.2958574453397631,0.5663114845547422,0.0766048991787529,0.04369161108769989,-0.5992325831638532,-0.016867265246013074,0.24177856154873462,-0.736644980383055,0.7792380300573092,0.22849762669649462,0.7728640933418931,0.3066501977125906,0.44666943915083374,-0.24167291819303022,-0.7514037714090797,-0.18835237857237142,0.1028334322733525,0.24602720164251368,-0.3855965281360939,0.2941193551703243,-0.8891160055527202,-0.12846037353636697,-0.2505596252426701,0.030057675284151954,0.06797708304226813,0.03351471216168406,-0.12506229352551745,0.38980522298990666]','2026-04-23 20:17:11'),(29,27,'CLUB','[0.5247365818399414,0.04066749869566025,0.4268187113061524,0.2227369265203624,0.2116556081740649,-0.3141082767281361,0.28797152773345597,-0.3951522863852405,-0.19309269106228286,-0.7681571780928422,0.27782078427692714,-0.5589660976661179,-0.18189294648404136,0.2207813591921333,-0.7934407715333354,0.13324601150352497,-0.06322344053923207,0.013660833134452922,0.19328555883350063,0.23643492417588044,0.09559729547424252,0.3786036918015231,-0.6788018165530092,-0.05280558093612685,-0.03158325128992478,0.4753069118769744,-0.3880003867488996,-0.15753062854449124,0.12267297485395663,-0.4307642671673801,0.9913592485944166,0.5799542430604021,0.48592394962240326,0.04254494708806345,-0.10149940786040619,0.30929089748528393,-0.11360771704507283,0.37522639783746253,-0.29495111903378235,0.07612192901571917,0.2343518396615618,0.28210739649714317,-0.5301844628798459,-0.23985200936574894,0.5695763693979776,-0.05708420786716055,-0.23321785171568118,-0.3462004749313615,0.12751814624958457,-0.3714240984164873]','2026-04-23 20:17:11'),(30,28,'CLUB','[-0.13082673214325702,1.247282485236959,-0.005981159174614,-0.06297498291706113,0.23781259015552536,0.04958050890496083,-0.027093841081815954,0.32059786845852095,-0.22347234544640784,-0.5001147659364364,0.45405411052796785,0.17869908684637606,0.4764624586586099,0.3626196821072271,-0.049451911234500844,-0.7380067294747279,0.28127997973237345,0.03197396043326044,0.01368287002263029,-0.414679196602081,0.494267879861173,0.5363959567472857,0.34073725176199154,-0.6006455989914873,0.5823378879367048,-0.39807878313319167,0.31562277255510796,-0.002029808371279363,0.19882328034303437,0.266272209769511,0.5503828818258784,0.4359290701329325,0.7928800877002045,-0.35125884830559273,1.0436002764211836,0.0698732475901742,-0.931303322099567,0.18055098558709198,-0.24169483843258177,0.8772651953854125,-0.1949574118303769,-0.38440392368029563,-0.06482133802055073,0.6345659973609863,0.006312055906003001,0.7176660643860099,0.09093146386220682,-0.8322471107801608,0.15279542838026272,-0.6191540206350115]','2026-04-23 20:17:11'),(31,29,'CLUB','[-0.1856278026768511,-0.15764813973674638,0.8607282603741739,0.9977589400477603,-1.0944442393131935,1.127435170730951,1.1959492689357478,-0.6720045553887918,0.1781439338923315,-0.3577888076812946,-0.5189094065556056,0.1789619279887916,0.2920410636453042,-0.30000058659313245,1.024098860887814,-0.37209131333714257,-0.2741231779782672,0.33429360394243934,0.10347664587527851,-0.33308318146823757,0.23987184867849945,0.2762639141106011,0.417215178600202,-0.27192269272279307,0.03414726999828781,-0.1203684755467624,0.15443807125883344,-0.5787172438220479,0.14047483532251087,0.09580732777396879,-0.7525490702470576,0.016346402311954653,-0.24993962188832536,0.2562119006922083,-0.44765290907830246,-0.4219412376520297,0.4471486203980044,-0.3674453203365281,-0.6729683684607356,0.22171976992927592,-0.5036335644773144,0.19518482417730737,0.1691123688010276,0.16096774297129585,-0.0845259279598934,-0.34455685003472963,0.09449762226240971,0.28043156381486095,0.05604893164815084,0.010377320806588047]','2026-04-23 20:17:11'),(32,30,'CLUB','[-0.5668637851279588,-0.02243150616416585,0.1476806741298962,0.9744649597675321,-0.08777136720665744,0.5480722897102148,-0.11733046908105865,-0.8425171774011897,-1.1933941579206693,-0.404215989378048,0.30506537203200423,0.3486380460148046,0.7570590914309459,0.8466605952779584,-0.13197585929768296,-0.14220037389071505,1.0934457886894502,-0.013805177122643281,0.4042914404966614,-0.3937970438670145,-0.31817868633132873,0.014736338577066167,0.27428799070983517,-0.29137836744546713,-0.46010551566490243,-0.4383362256804867,-0.38108083845733487,0.20979876632258954,-0.8129088163383694,0.08263089441707393,-0.38683469797342607,-0.7187186157707748,0.3166010942773657,0.8351950924874437,-1.0098311317613384,-0.2051354726671962,0.0479969639242533,-0.91375320649242,0.5088138474307827,0.5657781155195923,-0.3640575822777016,-0.2798508410482987,-0.24672117270968294,0.6953740090337936,-0.12412973156885687,0.37769017654374976,0.30808664310883876,0.5151103438604163,-0.017898413387882516,-0.6364086571210388]','2026-04-23 20:17:11'),(33,31,'CLUB','[0.8066233044660907,0.10242448845698075,-0.1438377537704677,-0.9456623362018381,-0.4276245295336938,-0.3098997429743043,-0.5431738286750698,0.144681941444405,0.27454640885636694,0.5468644023323899,0.07838706377786775,-0.3475688297159062,0.4350554972280204,0.029965243700530362,0.8630630569077308,-0.27929405981049943,0.015184366729385673,-0.5163631613789368,0.4990488224571135,-0.3874069565355252,0.2409444395425305,0.12192256448636174,0.13121323530564122,-0.2589868691367146,-0.1424231536343124,0.24660317650481295,-0.5597697817310744,-0.011429537021045445,-0.5312729568352862,-0.5052993941452458,-1.321308117320602,-0.17210043332077338,-0.3019964811355306,-0.027185810673469493,-0.7720475286291276,-0.07282309424272414,0.8494264190258816,-0.5696475127490572,0.21675149638899233,-0.051899730550895036,0.920727860137071,-0.12880111101772593,0.06534567433313843,0.511064745420743,0.4926157300052091,-0.4607290709411917,0.23585392324277052,-0.04549867660665823,-0.30447186398083215,-0.08372906768055516]','2026-04-23 20:17:11'),(34,32,'CLUB','[-0.6780175953401972,0.31411711602589504,0.5119261242080283,0.23186578581257933,-0.5413027544011252,-0.3683180005414458,-0.492994426136377,0.22540824847055085,0.3861881621540988,0.5852492427169481,0.4421753372223321,-0.09241581798044414,-0.29064187993574125,0.1401948575984297,0.31340330766257485,-0.33679518150317783,0.31206282208909986,0.22622926697785786,0.44850391513197324,-0.03329223357101698,-0.3264738013729718,0.366113599328931,-0.610782069600918,0.41979333680538383,0.07808898214240652,0.11553097060659821,0.8251034754209635,-0.049127585433884326,0.5501268806823629,0.20535860038746656,-0.7153568111104996,-0.1643863680069044,-0.021108957365846885,-0.6742764168473926,-0.6334418943931122,-0.24883204626771127,-0.5500565388480755,-0.11854955110686584,-0.9515310053846732,-0.5461231332184753,0.06150794833503662,0.4352067675994743,0.12705190544439365,0.49261279921244394,-0.09219228796305594,-1.0005902802625521,0.8657214980828662,0.4397299281956852,0.7394765021538094,0.13845993836825513]','2026-04-23 20:17:11'),(35,33,'CLUB','[-0.36075391083154346,0.4967494903743102,1.0409027457916527,0.16613866679183134,-0.0885628903378573,-1.2448910103157664,0.4881987289849357,0.3941100695286113,-0.33115435077009375,0.40394581211255653,0.6255252552834795,0.3020845240013682,0.0883750759237284,-0.14028406122188256,0.4858086993799861,0.6183863703975321,-0.6037317416355881,-0.4125714092297873,-0.5543808269454137,-1.0995477953764154,-0.7853840448801818,0.05318766437151487,-0.5045495256676986,-0.5309148285464037,-0.12146960660927622,0.04746242760479076,-0.45351916350992794,0.30852458160587204,-0.05452130303664406,0.002254255788403167,0.8997591233090121,-0.08440124883757576,-0.13832074021809115,0.06845734135802703,-0.3447502286608684,-0.23401751254104258,-0.19805167917244743,-0.0552382022245399,-0.7168128767898273,-0.4905652360574624,0.2607519692977616,1.136321030281897,1.2341986872295627,0.11700065826796298,0.7517254962344777,-0.01620753876289367,0.49375024673707674,0.07907320374394929,-0.12851469231118537,0.3964478239662798]','2026-04-23 20:17:11'),(36,34,'CLUB','[0.3868525041889574,0.945986694444088,-0.1729846024783284,-0.9103990977100581,0.7441398889698774,-0.5574976884430027,0.8781161399414442,-0.2770814135142198,-0.11419605176449481,0.7639051709493297,-0.06006721748222,0.03029460228749554,-0.1500193137258506,-0.03733177312815317,-0.059656459030462135,-0.4299299057129406,-0.18491388112462875,-0.13159873439822706,-0.016965041535379626,-0.2866653464982606,0.2573328904932948,0.1060476481398019,0.27894639839041135,-0.09301681887899839,0.20973688760260623,-0.5038104648506293,0.7686789595834957,-0.29713641130154655,-0.20738423792032828,0.3564659061937189,0.44931910158859817,0.3738899221845578,0.8998372718287436,0.6646373339487229,-0.17646143211212068,-0.8742066045781,0.48639854958422024,0.10389822937925686,0.7252649490145008,-0.7765281591930272,-0.7321595061933839,0.8377201647083069,0.685870344043042,-0.9170561057843262,-0.15823598699877517,-0.6036910717056502,-0.5811288929165608,-0.12699839074804714,0.38896792093612004,0.04086392349980667]','2026-04-23 20:17:11'),(37,35,'CLUB','[-0.1673756012822903,0.49228403700057516,0.5337410459433928,1.1237730842490872,0.4051991698330515,-0.17318076061959325,0.16129026277414915,-0.3226753164576722,0.6279211004776014,0.5082039055962938,-0.16602707060666697,0.5160661383146692,0.1594692592394217,0.5907565143560444,-0.24508320170050257,-0.5031994187556514,0.18540733407232077,0.15779241153117,1.0077136312086445,0.31647282544379574,-0.6796004017138871,0.0992795800758441,-0.14680781113645275,-0.688510684316918,-0.006923650043486441,-0.05871856211236321,-0.5174262934810974,0.2450193704370333,0.11692399632070431,0.06305300105014033,-0.11770866710884224,-0.5675735671222365,-0.4277785722571303,-0.07782358635356978,0.5345394377079089,0.04713435038376326,0.7709959200942625,-0.07948953846439014,-0.2431096964640955,0.1328983864909981,-0.17872187856940464,-0.3214129104785243,0.3462134176146224,0.35764061680970677,0.2694875309601376,0.04906985044770613,0.11257293484341266,-0.4052926929085586,0.21698625091902768,-0.15616767563545428]','2026-04-23 20:17:11'),(38,36,'CLUB','[0.5587414075580319,0.03871279280430503,-0.19583991549993837,0.905637371499594,-0.5768298389463846,0.09442259028249482,0.8089123752741197,0.09589624752367903,-0.13763538510212617,-0.47495421916419894,0.6671227482359527,0.2695244939511312,0.3268294288838671,0.6461294150563991,-0.5966900155161543,-0.7262670053987118,0.06667922941957867,-0.14838466497681768,0.20432769343961615,-0.05371241578206043,0.19460684934960198,-0.38427843227029435,-0.7678769320926123,-0.514634484513725,0.13325497785887486,-0.06783979549814685,1.0763902394520768,-0.5816795859252106,-1.1818977055048165,-0.02400398769464655,-0.6168767693394581,0.019818303675757407,-0.3931803054462707,0.37935779567329087,-0.510459915336281,-0.18366002455739644,0.2234152083498389,0.6396626106143437,-0.475017141436402,0.33971951435459247,-0.499568532455291,-0.16627812772755993,-0.40948908152215396,-0.0291621739678197,0.47004884529899305,-0.5309890353261288,-0.378817664451134,0.07413745217053701,-0.7487404559588804,-0.3280362383491006]','2026-04-23 20:17:11'),(39,37,'CLUB','[-0.2300838499991325,-0.011325523487337914,0.9706933376156884,1.3130146671928626,-0.5832601374652566,-0.6789604619046936,-0.7497016257391819,0.1309907211587204,0.14581242078007117,0.22452060603539076,-0.23979267492060288,-0.38903794946365644,0.10281339410194873,0.2718669491454274,0.10061303006663908,0.5090391623101846,0.6260316716576773,0.32536105303460044,-0.34258727564186253,0.6357278937189571,-0.16341382264758283,-0.4170976786927442,0.43582895944339745,0.039066059794803376,-0.21392862872968585,-0.23548435506723286,-0.4212278255141623,0.5515075065775752,-0.0332694385147338,0.6568580695263596,-0.1744504921080618,-0.2207391264690707,0.1783117856004085,-0.0989428387396894,-0.255644705659994,0.07122451079161489,0.3692579295232523,-0.6850053589970296,-0.16363541056759845,0.0011125263229451157,-0.5231047884670754,0.5809629565188287,-0.009601052649532524,-0.028845217242610795,0.8751819585754664,0.3593005722697754,0.2929153795248531,-0.3036918100534173,-0.10906321442886517,-0.6966246546602003]','2026-04-23 20:17:11'),(40,38,'CLUB','[0.5496070187845242,0.4789607485024908,-0.8563870886507384,-0.33145813840340693,0.87716511135139,-0.5481764024646034,-0.1804340511942304,-0.4384166908926805,0.3517334151377855,0.2897601144614978,0.20002366886325335,-0.39331599309797166,-0.034020351375969544,-0.2584146140851733,0.38786385752727703,0.19155169501946523,-0.395263183100353,0.4810699697605925,-0.06111116047743853,-0.4660671429043439,0.09258629067171806,0.05037141340554646,0.10339904095739265,0.08448186431113902,0.5843270980110788,0.6356568434421499,0.7145945453734838,0.055578303059035494,1.0833529853042623,0.26757629879123435,-0.270538712172781,0.11597986391946812,-0.3342072880397671,-0.3797198419874624,-0.5643446049746058,-0.04444567325215842,0.29870861126388,-0.3296122594614098,0.9060934556360905,-0.4485908525849285,0.3109997246538829,-0.05598662619975141,-0.2501008021320858,-0.3241984255181691,-0.1535959628361036,0.279814652048479,-0.24623503209435507,0.05162525593990139,0.4479588528970246,0.11147512137897933]','2026-04-23 20:17:11'),(41,39,'CLUB','[0.25727273912590354,0.5109430488723422,0.8875831450595156,-0.6232486127107235,1.035928078624717,-0.4902040333290997,0.35731469488091344,0.6477777515999896,-0.2719806617834987,-0.17741053819524613,0.2234301752729109,-0.19304418427471973,-0.04739622029217869,-0.7917529114795143,0.6282598339828115,0.2851937731728725,-0.44511940548309153,-0.008054583414567947,-0.9786958727237234,0.7068612935663067,-0.16536129053135407,-0.30712207885084974,0.17744846799860892,0.1881717000215017,0.061557864630607986,0.34143979769702637,-0.5385473296808008,0.2670029540495423,-0.15017139637194507,-0.4867966555706378,-0.24871785466428195,0.14670568359892247,0.2908285040013461,-0.19826159529238127,0.3136268033611646,0.49252598222506766,-0.49542410526554737,-0.0024898621641304126,-0.5380601115745007,0.08376762667564952,-0.5536810371960056,-0.042345054846111695,0.13130049631938556,0.25092375981239023,1.1858557509448286,0.8086151535642949,-0.6900334813281135,-0.09518705918917292,0.466814571170341,0.2019934498067487]','2026-04-23 20:17:11'),(42,40,'CLUB','[0.22831009966727708,0.13297852121651846,1.0257222701242465,-0.1358183353609405,-0.014274694908397586,-0.31032874231344026,0.12312155508594132,0.19384070628320654,-0.6355449797365298,0.4011831551315044,-0.2828410486507185,0.14995183978723695,0.04217598731606456,-0.07610792044345788,0.12622279804850206,0.32208657844792854,-0.15800455637128896,-0.07546633746413359,0.7873325702014607,0.30917227291641836,0.7034170090178696,-0.707461761711663,-0.07607940180472351,-0.21938153039989372,0.742990957012253,0.010675387394140017,-0.6938398220183422,-0.24840467332967894,0.1023785904756365,-0.23542446090482472,-0.19416619637551547,0.22477658948585807,0.4692633388516474,0.03518095174411218,0.04817054928330668,-0.2558992000979231,-0.21662588675868594,-0.06874539743177709,-0.3151642270876375,-0.029365699874518807,0.5047469991966104,0.6911980565026143,0.40745499175638344,0.246666669795193,0.3284765010838224,0.13148762623419835,0.04024211652819932,0.48133281681282036,0.4860875101905922,-0.08877801382299441]','2026-04-23 20:17:11'),(43,41,'CLUB','[-0.3010720890069202,0.845090991726468,0.14690053189684746,-0.032652183591372536,0.36744041509095765,0.0449791468946886,0.1300866116972778,1.13248729802258,0.9177913243602831,-0.32332929838356733,0.010876571188389346,-0.1994762748568242,0.5897958885806012,0.8794851756302463,-0.5592270884275309,-0.23318811741131382,-0.8170134670221229,-0.2533518159073139,-0.12002283425678395,-0.305752427754791,0.01285597126157531,-0.14120351673519507,-0.40307594282769776,-0.29965228922951426,0.5527539399019912,-0.2150667037434955,-0.2457417113797246,-0.08090592368545217,0.12667100958655306,0.36358807662439535,-0.25494080026016097,-0.4385925249833228,-0.5437356553448387,0.02372936563021339,0.09727935255817192,0.31191959414186504,-0.022198405133158707,0.5889185029868361,0.6877234117454589,-0.02971611416772487,-0.4850082497877463,-0.5004052577563389,-0.18458315965757036,-0.3887137846409486,0.08240386341394432,-0.26961501970173163,0.3965018016009242,-0.08705762413837947,-0.17534229033547907,-0.39807327193615694]','2026-04-23 20:17:11'),(44,42,'CLUB','[0.20930348459087464,-0.26606721095482794,-0.1121522230995076,0.12229627695147557,-0.3566561322475103,0.09820107607713247,-0.4357552808323781,0.18513262243701784,0.09798624755023974,0.46547987601837115,-0.3336880811394372,-0.1841395695599514,0.23147128692674188,-0.6416434792526075,-0.373571902576085,0.20539273196417784,0.3053053215486506,0.34347507140082595,-1.399481478525415,0.40473110325198886,-1.4380978566284512,-0.8733307689211185,0.018393090564018163,0.20262559858704368,0.6087577513027063,-0.6457815825039226,-0.03956466598759007,-0.27292082145474483,1.1107914362135356,-0.05902746423813278,0.5749326473475387,-0.2810351601223751,-0.14026959360302144,1.189411199819998,0.25445478126250076,0.3581521530929307,-0.5387860899381605,-0.23972422119821044,0.3639396955116876,-0.22864810294236163,0.01996589982988888,-0.5499676928136965,-0.06256485814668336,0.1304096021413349,0.3954611670194209,-0.09807162745159846,-0.31017289198149745,-0.6269074068386369,-0.46422960771014943,0.24091420640510125]','2026-04-23 20:17:11'),(45,43,'CLUB','[-0.10839918482172825,-0.0860295757907595,-0.10990404169152154,-0.610340379402986,1.0058515302474995,0.7102409734021926,-0.1614103214019876,1.4439062039960715,0.9043816065049298,0.1315228145314201,-5.234997636655281E-4,-0.5182469506657414,0.6490682818096511,-0.06641091626410378,0.07390120892192155,-5.957656896219246E-4,-0.6607450798980592,-0.6221994748428777,0.43564559503757444,0.008568581072359178,0.31260102886021385,0.21364400561895672,0.12470116574824047,-0.17700511460756915,0.3989465800772926,-0.16960890441122425,-0.3848703341511564,0.1986434388546738,0.01002908489316799,-0.4667994559484576,0.24115585127880326,-0.1036764979896488,-0.059270621926294946,0.15033804247306565,0.20764353246388642,0.8420298127497802,0.13046993942545443,0.5326754897727554,-0.18500004224778716,-0.4371407392797203,0.48988235443239514,-1.0204270976812457,0.45517018942134685,-0.37260657438983724,-0.4041507656239136,0.2098431912064888,-0.2083642727122899,0.22185388569843986,0.8981901513166732,0.4307363904154818]','2026-04-23 20:17:11'),(46,44,'CLUB','[-0.5583733762046956,0.9113556098398529,0.07334836042365564,0.5087868169768217,0.5530329267973767,0.63354586645197,-0.5992115885103557,-0.7013333622295438,-0.29805245827963617,0.10185537002013917,-0.271855884058325,0.6045028938369348,-0.07299822461480576,-0.04122882126200924,0.7498064178879212,0.04638339406394152,-0.578012495684581,-0.0680303947607977,0.019183723343151233,0.1283697450468716,-0.12455482125536248,0.0891160219015586,0.13512956530740922,-0.4172875979954723,-0.13558263875851165,-0.18696404036877642,-0.10643189424758887,-0.06703689433085859,-0.13412244421019195,0.6228346046613489,-0.37919722085512964,-0.006925973414731074,0.06276634077475163,-0.34624456068263,0.10322976321078531,0.6832810771015446,-0.39051850087748846,-0.5424410428939571,-0.41889757508859904,-0.3680860064337038,-0.4054709238356114,1.4995349756232743,0.3274322277564468,-0.19699826077658253,-0.1001463256349027,0.3150177860062807,0.22189391141441664,0.3387598633355655,0.5934612856579808,0.16229608489202071]','2026-04-23 20:17:11'),(47,45,'CLUB','[0.05894966432494975,0.8329221122578039,0.762398685925133,1.4488431824869408,-0.1696460136092723,-0.573977197133838,0.7195422582421208,0.06952281062502748,0.8666898343852412,-0.6394273832095563,-0.132788932668793,-0.34225169078563283,-0.8906403830280344,-0.011638491310061467,-0.21363616628367874,-0.3586586881487392,-0.35952653783807204,0.33307276841501554,-0.12966241152174493,-0.13769414114177608,-0.818137014674742,-0.3655746418504601,0.022983197570705348,0.7685780082474932,0.12963994300827367,-0.1903929876067371,-0.14009720670653658,-0.0111089989033094,-0.18705648985160941,-0.5317772203909036,0.03017325927290963,0.3225061744326136,-0.18809827756650294,0.3575213811264418,0.7638670009914084,-0.23593174206970685,0.27692918176163517,-0.03592738125448717,-0.3809085504967422,0.7039277510596157,0.35270332336029336,-0.12899443761095783,-0.4562776133191098,-0.3100783617154523,-0.1621065103056204,0.6528971972032621,0.5561664976138357,0.2646044636312921,-0.09971374696408454,0.5071207804467495]','2026-04-23 20:17:11'),(48,46,'CLUB','[-0.43572384040898604,1.2044553963155458,-0.2286162360637969,0.6533314424802295,0.7463985077237046,0.7086756370357304,-0.20630978212892606,-0.5357403503394899,0.31047897742879393,0.043649832957214856,-0.449016087256405,-0.4537617042543719,-0.5526203734187973,0.04752773841952605,-0.27848937890709435,-0.6882859856747463,-0.47418456051451985,-0.34715669124179,0.17915869405786383,0.2465425779467658,-0.29316307906846917,0.18500462672798626,-0.17737495282166554,0.0013248204097651563,0.33028590536828695,-0.5718545307916462,-0.38905048437937945,0.8536329571072709,-0.07097338991131681,0.22515276689264532,-0.14522594038324038,-0.3582384062172642,-0.06799498014131818,0.6584426341606231,0.49620866735036406,0.14419816270554062,-0.7884534343227573,0.13682148781987488,0.775802750231944,-0.03025430135871824,-0.13242377803024646,-0.3459936829640388,0.15761727260591918,-0.25593133432516174,0.007108553131528567,-0.5829257311898622,0.4988775801319613,-0.39275591700642565,-0.021286365418225355,-0.25684866088488295]','2026-04-23 20:17:11'),(49,47,'CLUB','[-0.557609359402237,-0.7399178435652582,1.2335828218814064,0.2848013721068548,-0.1484313827056467,-0.01896470967740323,-0.11664629827570894,-0.04161577559073375,-0.43573043117309385,-0.13630150212290398,0.22016095251769136,-0.08941170659539921,0.29312079630226284,-0.011864442600419984,0.020050325501577582,-0.08276041008302429,-0.7530706829977005,-0.31868498554030456,0.8773637799567073,-0.004007084978731823,-0.27619552816252974,-0.5267175935048362,0.28268611942454996,0.3706062785488042,-0.47283196735192834,0.0016833134312151438,-0.09962355597606025,-0.36237963155901215,0.9405553857859654,0.18475792975582458,0.10392352037636432,-0.2582285022627549,0.4147576483508274,-0.41267475847371415,-0.060377327592885374,-0.08763805886652605,0.45795204530531874,-0.11405175453880968,-0.029367346672808565,0.30332547676557364,0.44782448057637625,0.9018278569941568,-0.24882218167726758,0.4225293534884734,0.7865602921264728,-0.22982436562664998,-0.20118651292855222,0.08614950360635364,0.13926265824408454,-0.21729683537656722]','2026-04-23 20:17:11'),(50,48,'CLUB','[0.6814234703226942,0.3702823273013119,0.08574115826413523,-0.2775092288759354,1.2494279588999297,-0.42087576183941267,-0.2915239723100509,-0.04762948128000403,0.17760023756183424,-0.210089538181588,-0.5613862511473284,0.5453338469050456,0.08766102603613321,0.5877068714036239,-0.3979784080752612,-0.17020941239984125,0.22809693126889236,-0.13526248488976472,0.3296892314078611,0.026417210971810785,0.2305234851494683,-1.0016690591788244,0.365964137082033,-0.37276679929359363,0.5150866584791217,0.3851325258789498,0.030486532985692164,0.2517834705639196,0.36510356313054204,-0.33516040927794,-0.11377912657755346,-0.3398331194796637,0.04000957769428331,-1.3860655621635507,-0.49725603794615797,-0.49498313813870104,0.4866780004770625,-0.037004121448706045,0.024086820358954132,-0.6235997766961863,0.5801934076811488,-0.19500590941773852,-0.13256521881651628,-0.19347410378247148,-0.4234042543515398,0.5800367644328231,0.006988079321217942,-0.6299108444302868,0.3399307732012143,0.3974371373496399]','2026-04-23 20:17:11'),(51,49,'CLUB','[-0.15105469818260606,1.0488551646748059,-0.6594141559686875,0.2760406432998753,-0.9693997051361574,0.6013847815795547,0.046973018548900534,-0.19646696473872755,0.4034690621521264,-0.1639852696088476,-0.2303916440919504,0.6969151629562641,0.3407868396850213,-0.3523069888366181,1.1275538039448783,0.24216137939589719,-0.17792979911470486,-0.48366212095046474,0.41000125954942634,0.7370734634455918,-0.2491823912345146,0.3317757358501022,-0.8946566996339357,-0.13245965141897842,0.3558408937233396,0.046686447998274413,0.16977456255459653,-0.6682528843401982,0.06440220868699263,0.07307070533375978,-0.5676808295724286,-0.23248706959801535,0.2797908867628583,0.003999862210050675,-0.16915004133194267,0.18658313716578925,-0.21618954595857393,-0.1883028843967649,-0.1663991187273308,0.8283239505514483,0.4991788102662863,0.06927687530579846,-0.4868605004483659,-0.5336556641860657,-0.17707198229259724,0.13303564833456907,-0.3089232127925452,-0.1019374678008086,0.16915183398334663,0.43775745879120403]','2026-04-23 20:17:11'),(52,50,'CLUB','[0.31085705317208606,-0.7423490556268646,0.3024064820470943,0.21709320887379463,-0.8661824443716962,-0.1976235662822132,-0.43301337747901386,-0.14533045161041125,0.043304105260394014,-0.43905219088025166,-0.14944726748425682,0.22857838180422826,-0.4289448982937727,-0.6124417503126148,-0.20576705653220428,0.8001917856338573,0.3197530444051478,-0.012279037382476207,0.3834937265188015,0.362394449160932,-0.27069590237134444,0.43790544821186883,0.06991331749429291,-0.06435747570509008,0.0347738557219817,0.3567465114934846,0.40727841871264403,0.39018405710061954,-0.5779457155251064,-0.21996576855119265,0.07646368238105562,0.19226178483586387,0.05004548028424071,-0.8829444979865466,-1.1769641438740162,-0.07973254696794348,-0.044302956788262446,0.1778667472907215,-0.3425982430886579,-0.05493545070844657,-0.2070509113988215,-0.20510570635224293,0.5293697799285684,0.41202740251056397,1.3243242589021216,-0.651063605283762,-0.14535111021623748,0.4040507695723644,-0.013114226952845363,-0.6894618504261911]','2026-04-23 20:17:11'),(53,51,'CLUB','[1.1170539394766588,0.4684157938408163,0.4643218203694966,-0.22653137959206843,0.7007753649597799,-0.40197124505462806,-0.2434965207753971,0.36897585274255795,0.43882343991226724,0.22829605912120665,-0.13458079635461692,0.3253847053923105,0.717290198741016,-0.3394942200981631,0.34875377175657496,0.11295818498712824,-0.25416491010463227,0.42047469713934266,0.3545808021500284,-0.8361901277684857,0.3114474566903808,0.9949466339263039,0.24743251367074404,-0.3460276441781073,-0.052656080725513,0.21266149822607489,0.2842737140623366,-0.18092806847419093,0.15485802058448198,0.38562680349296846,0.4952654813435346,0.31468176451088287,0.07891108759932737,-0.7264670121549552,0.9711231391222629,0.09856424495145863,-0.5258478388660467,0.0331653704249885,-0.47416770590098767,-0.0971761991642004,-0.16045833027821196,0.1714336038380929,0.8124401298264611,-0.8224567611491039,0.40499709071190243,0.6194795742404925,0.4955024819744826,0.23703631531496233,-0.9683945486408586,0.08186526326917802]','2026-04-23 20:17:11'),(54,52,'CLUB','[-0.005397915170911513,0.6378634513649071,-0.8383617007190257,1.024233855264435,0.01753308379592643,0.4158018575844053,-0.4863973363174807,-0.05519862819249837,0.3284877418376356,0.5942455791115083,-0.6745187881516354,-0.3102713501942653,0.3793580432551247,0.5474272944839138,0.7108608372486164,-0.08638158562229786,0.2594039209719348,-0.12690624408800416,0.22851831758737623,-0.9079988055110902,0.14201466294173226,-0.2756286537412346,0.5254412554934998,-0.512896407074204,-0.41198145679584247,-0.4222975337579687,0.08745868072764898,-0.31743988393531963,-0.35157599190057615,0.27943159382322896,-0.22409385784900657,-0.8642653001106595,-0.199522321499582,0.7309201744119491,-0.6328433798809926,-0.4842288119354886,0.34840337118242576,-0.322668443123346,-0.1861946244924107,-0.7484215069322911,-0.31017326020103697,-0.2672386597510464,0.5888172719798249,-0.06639070334256834,0.6929502805976935,-0.5003803957410612,0.3417394695294819,0.08067827569416398,0.04221434382823304,-0.9202793439301363]','2026-04-23 20:17:11');
/*!40000 ALTER TABLE `sys_embedding` ENABLE KEYS */;
UNLOCK TABLES;

--
-- Table structure for table `sys_user`
--

DROP TABLE IF EXISTS `sys_user`;
/*!40101 SET @saved_cs_client     = @@character_set_client */;
/*!50503 SET character_set_client = utf8mb4 */;
CREATE TABLE `sys_user` (
  `id` bigint NOT NULL AUTO_INCREMENT COMMENT '主键ID',
  `username` varchar(50) NOT NULL COMMENT '账号（学号/工号/管理员账号）',
  `password` varchar(100) NOT NULL COMMENT '密码（BCrypt加密）',
  `user_type` varchar(20) NOT NULL COMMENT '用户类型：student/leader/admin',
  `name` varchar(20) NOT NULL COMMENT '真实姓名',
  `phone` varchar(11) NOT NULL COMMENT '联系电话',
  `tags` varchar(100) DEFAULT NULL COMMENT '学生兴趣标签（逗号分隔，如：academic,sports）',
  `mbti` varchar(10) DEFAULT NULL COMMENT '学生MBTI性格类型',
  `club_name` varchar(50) DEFAULT NULL COMMENT '社团负责人所属社团',
  `status` tinyint DEFAULT '1' COMMENT '账号状态：1-正常，0-禁用',
  `create_time` datetime DEFAULT CURRENT_TIMESTAMP COMMENT '创建时间',
  `update_time` datetime DEFAULT CURRENT_TIMESTAMP ON UPDATE CURRENT_TIMESTAMP COMMENT '更新时间',
  `avatar` varchar(500) DEFAULT NULL COMMENT '用户头像',
  PRIMARY KEY (`id`),
  UNIQUE KEY `uk_username` (`username`) COMMENT '账号唯一索引',
  KEY `idx_user_type` (`user_type`) COMMENT '用户类型索引'
) ENGINE=InnoDB AUTO_INCREMENT=19 DEFAULT CHARSET=utf8mb4 COLLATE=utf8mb4_0900_ai_ci COMMENT='系统用户表';
/*!40101 SET character_set_client = @saved_cs_client */;

--
-- Dumping data for table `sys_user`
--

LOCK TABLES `sys_user` WRITE;
/*!40000 ALTER TABLE `sys_user` DISABLE KEYS */;
INSERT INTO `sys_user` VALUES (1,'1','$2a$10$f3kqvxH2erxg7JfUykMpoevMnjf8h4gGeEKnCLHH7PZoUjdB69HoS','admin','系统管理员','13800138000',NULL,NULL,NULL,1,'2026-03-23 21:16:23','2026-03-25 20:08:25',NULL),(2,'leader','$2a$10$f3kqvxH2erxg7JfUykMpoevMnjf8h4gGeEKnCLHH7PZoUjdB69HoS','leader','社团负责人','13900000000',NULL,NULL,NULL,1,'2026-03-25 20:05:23','2026-03-29 17:36:31','/uploads/2026/03/25/default-avatar.jpg'),(3,'20233091','$2a$10$f3kqvxH2erxg7JfUykMpoevMnjf8h4gGeEKnCLHH7PZoUjdB69HoS','student','多多','13800138000','[\"学术\", \"运动\"]','INFP',NULL,1,'2026-03-24 16:15:44','2026-04-16 20:06:09','/uploads/2026/03/26/9f6ab02b23e447b9b8d4ff63327f3ad7.jpg'),(4,'admin','$2a$10$f3kqvxH2erxg7JfUykMpoevMnjf8h4gGeEKnCLHH7PZoUjdB69HoS','admin','系统管理员','13800000000',NULL,NULL,NULL,1,'2026-03-25 20:08:37','2026-03-29 17:36:31','/uploads/2026/03/25/default-avatar.jpg'),(5,'1004226225','$2a$10$OafKOgdj1K2CWrWMTPbuEelEJ3WYRKRAIHbNThDY85Xvq0TJ15KCO','student','余多多','18810821362','[\"科技\",\"志愿服务\",\"运动\"]','INTP',NULL,1,'2026-03-29 18:35:31','2026-04-16 20:06:09','/uploads/2026/04/16/06624b2939c84169999b772352bb90df.jpg'),(6,'1004226221','$2a$10$DfM1cU34a0NXQo4hEg82m.GOnUwJJcALXimcv7HYDI1Wl8ARvrBoe','student','杨鑫','18810821362','[\"学术\", \"艺术\", \"运动\"]','ISFJ',NULL,1,'2026-03-29 18:38:24','2026-04-16 20:06:09',NULL),(7,'1004226222','$2a$10$moizsUdDD4OuEwzWLQ0PqOAjrEstBBu4A4nMO5bY2IXR108nwW6dy','student','李畅','18810821362','[\"志愿服务\",\"学术\",\"运动\"]','ESTP',NULL,1,'2026-03-29 18:39:48','2026-04-16 20:06:09','/uploads/2026/04/16/25a96e749399407f9d7c488a4be2169b.jpg'),(8,'1004226223','$2a$10$q2/aCHddyenQttxtgO1wp.TBE0ftJ7JQ78X7C12dSn3v7AsdL/g4u','student','熊能','18810821362','[\"运动\", \"志愿服务\", \"语言\"]','ESFJ',NULL,1,'2026-03-29 18:40:37','2026-04-16 20:06:09',NULL),(9,'1004226227','$2a$10$ioekYRTbHMaemofTbCpYiurtuxUxs1fTghtmL/oQlHKJkM2JWY2J2','student','陈奕','18810821362','[\"学术\",\"科技\",\"语言\"]','ESFP',NULL,1,'2026-03-29 18:41:30','2026-04-16 20:06:09','/uploads/2026/04/16/2fe3eeea84044161a388ded0ddfa1b19.jpg'),(10,'student_1','$2a$10$f3kqvxH2erxg7JfUykMpoevMnjf8h4gGeEKnCLHH7PZoUjdB69HoS','student','张小明','13800138001','[\"编程\", \"算法\", \"科技\"]','INTJ',NULL,1,'2026-04-15 21:52:17','2026-04-16 20:30:37','/uploads/avatar/7.jpg'),(11,'student_2','$2a$10$f3kqvxH2erxg7JfUykMpoevMnjf8h4gGeEKnCLHH7PZoUjdB69HoS','student','王美丽','13800138002','[\"摄影\", \"旅行\", \"文艺\"]','ENFP',NULL,1,'2026-04-15 21:52:17','2026-04-16 20:30:37','/uploads/avatar/8.jpg'),(12,'student_3','$2a$10$f3kqvxH2erxg7JfUykMpoevMnjf8h4gGeEKnCLHH7PZoUjdB69HoS','student','李铁柱','13800138003','[\"篮球\", \"健身\", \"运动\"]','ESTP',NULL,1,'2026-04-15 21:52:17','2026-04-16 20:30:37','/uploads/avatar/9.jpg'),(13,'student_4','$2a$10$f3kqvxH2erxg7JfUykMpoevMnjf8h4gGeEKnCLHH7PZoUjdB69HoS','student','赵婉约','13800138004','[\"音乐\", \"吉他\", \"文艺\"]','INFP',NULL,1,'2026-04-15 21:52:17','2026-04-16 20:30:37','/uploads/avatar/10.jpg'),(14,'student_5','$2a$10$f3kqvxH2erxg7JfUykMpoevMnjf8h4gGeEKnCLHH7PZoUjdB69HoS','student','陈极客','13800138005','[\"编程\", \"科技\", \"无人机\"]','INTP',NULL,1,'2026-04-15 21:52:17','2026-04-16 20:30:37','/uploads/avatar/11.jpg'),(15,'20160416','$2a$10$AMp2O8.mxcLF.3y1swLwoufGTXPCtIQ0u1/8Cxim7wYB05pPJIZPq','leader','陈柯','18810821362',NULL,NULL,'浮石文学社',1,'2026-04-16 20:34:42','2026-04-18 10:09:47',NULL),(16,'20260422','$2a$10$AG9cz/iNnK7E5J3SP5DklOBgvRNEYVnKM9700b1odApHUaCdvmkBO','student','可解','18810821362','[\"编程\",\"志愿服务\",\"摄影\",\"艺术\"]','INTJ',NULL,1,'2026-04-22 20:22:58','2026-04-22 20:31:49',NULL),(18,'leader_1','$2a$10$wwug7xin2xcJJJ93OJt3MObpCj8LW48.GZpNlSPqNB6V4DWO90faq','leader','福禄','18810821362',NULL,NULL,'ACM队',1,'2026-04-22 21:32:11','2026-04-22 21:32:11',NULL);
/*!40000 ALTER TABLE `sys_user` ENABLE KEYS */;
UNLOCK TABLES;
/*!40103 SET TIME_ZONE=@OLD_TIME_ZONE */;

/*!40101 SET SQL_MODE=@OLD_SQL_MODE */;
/*!40014 SET FOREIGN_KEY_CHECKS=@OLD_FOREIGN_KEY_CHECKS */;
/*!40014 SET UNIQUE_CHECKS=@OLD_UNIQUE_CHECKS */;
/*!40101 SET CHARACTER_SET_CLIENT=@OLD_CHARACTER_SET_CLIENT */;
/*!40101 SET CHARACTER_SET_RESULTS=@OLD_CHARACTER_SET_RESULTS */;
/*!40101 SET COLLATION_CONNECTION=@OLD_COLLATION_CONNECTION */;
/*!40111 SET SQL_NOTES=@OLD_SQL_NOTES */;

-- Dump completed on 2026-04-24 16:29:07
